Version 165 32
{
	Locked False
	Skinned False
	BoneCount 0
	Mask 255
	Bounds
	{
		Aabb
		{
			Min -0.58250000 -0.43450000 -0.95350000
			Max 0.58250000 0.43860000 0.94700000
		}
	}
	Geometries
	{
		Geometry
		{
			ShaderIndex 0
			Flags -
			VertexDeclaration N51263BB5
			Indices 1971
			{
				0 1 2 1 0 3 1 3 4 5 6 7 6 8 9
				6 9 7 9 10 7 10 11 5 10 5 7 12 13 14
				12 14 5 15 16 17 16 18 19 16 19 17 19 20 17
				20 21 15 20 15 17 21 22 23 21 23 24 25 26 27
				25 27 28 29 30 31 29 31 32 33 34 35 33 35 36
				37 38 39 37 39 40 41 42 43 41 43 44 45 46 47
				45 47 48 49 50 51 49 51 52 53 54 55 53 55 56
				57 58 59 57 59 60 61 62 63 61 63 64 65 66 67
				65 67 68 69 70 71 69 71 72 73 74 75 73 75 76
				77 78 79 77 79 80 81 82 83 81 83 84 85 86 87
				85 87 88 89 90 91 89 91 92 93 94 95 93 95 96
				97 98 99 97 99 100 101 102 103 101 103 104 105 106 107
				105 107 108 109 110 111 109 111 112 113 114 115 113 115 116
				117 118 119 117 119 120 121 122 123 121 123 124 125 126 127
				125 127 128 129 130 131 129 131 132 133 134 135 133 135 136
				137 138 139 137 139 140 141 142 143 141 143 144 145 146 147
				145 147 148 149 150 151 149 151 152 153 154 155 153 155 156
				157 158 159 157 159 160 161 162 163 161 163 164 165 166 167
				165 167 168 169 170 171 169 171 172 173 174 175 173 175 176
				177 178 179 177 179 180 181 182 183 181 183 184 185 186 187
				185 187 188 189 190 191 189 191 192 193 194 195 193 195 196
				197 198 199 197 199 200 201 202 203 201 203 204 205 206 207
				205 207 208 209 210 211 209 211 212 213 214 215 213 215 216
				217 218 219 217 219 220 221 222 223 221 223 224 225 226 227
				225 227 228 229 230 231 229 231 232 233 234 235 233 235 236
				237 238 239 237 239 240 241 242 243 241 243 244 245 246 247
				245 247 248 249 250 251 249 251 252 253 254 255 253 255 256
				257 258 259 257 259 260 261 262 263 261 263 264 265 266 267
				265 267 268 269 270 271 269 271 272 273 274 275 273 275 276
				277 278 279 277 279 280 281 282 283 281 283 284 285 286 287
				285 287 288 289 290 291 289 291 292 293 294 295 293 295 296
				297 298 299 297 299 300 301 302 303 301 303 304 305 306 307
				305 307 308 309 310 311 309 311 312 313 314 315 313 315 316
				317 318 319 317 319 320 321 322 323 321 323 324 325 326 327
				325 327 328 329 330 331 329 331 332 333 334 335 333 335 336
				337 338 339 337 339 340 341 342 343 341 343 344 345 346 347
				345 347 348 349 350 351 349 351 352 353 354 355 353 355 356
				357 358 359 357 359 360 361 362 363 361 363 364 365 366 367
				365 367 368 369 370 371 369 371 372 373 374 375 373 375 376
				377 378 379 377 379 380 381 382 383 381 383 384 385 386 387
				385 387 388 389 390 391 389 391 392 393 394 395 393 395 396
				397 398 399 397 399 400 401 402 403 401 403 404 405 406 407
				405 407 408 409 410 411 409 411 412 413 414 415 413 415 416
				417 418 419 417 419 420 421 422 423 421 423 424 425 426 427
				425 427 428 429 430 431 429 431 432 433 434 435 433 435 436
				437 438 439 437 439 440 441 442 443 441 443 444 445 446 447
				445 447 448 449 450 451 449 451 452 453 454 455 453 455 456
				457 458 459 457 459 460 461 462 463 461 463 464 465 466 467
				465 467 468 469 470 471 469 471 472 473 474 475 473 475 476
				477 478 479 477 479 480 481 482 483 481 483 484 485 486 487
				485 487 488 489 490 491 489 491 492 493 494 495 493 495 496
				497 498 499 497 499 500 501 502 503 501 503 504 505 506 507
				505 507 508 509 510 511 509 511 512 513 514 515 513 515 516
				517 518 519 517 519 520 521 522 523 521 523 524 525 526 527
				525 527 528 529 530 531 529 531 532 533 534 535 533 535 536
				537 538 539 537 539 540 541 542 543 541 543 544 545 546 547
				545 547 548 549 550 551 549 551 552 553 554 555 553 555 556
				557 558 559 557 559 560 561 562 563 561 563 564 565 566 567
				565 567 568 569 570 571 569 571 572 573 574 575 573 575 576
				577 578 579 577 579 580 581 582 583 581 583 584 585 586 587
				585 587 588 589 590 591 589 591 592 593 594 595 593 595 596
				597 598 599 597 599 600 601 602 603 601 603 604 605 606 607
				605 607 608 609 610 611 609 611 612 613 614 615 613 615 616
				617 618 619 617 619 620 621 622 623 621 623 624 625 626 627
				625 627 628 629 630 631 629 631 632 633 634 635 633 635 636
				637 638 639 637 639 640 641 642 643 641 643 644 645 646 647
				645 647 648 649 650 651 649 651 652 653 654 655 653 655 656
				657 658 659 657 659 660 661 662 663 661 663 664 665 666 667
				665 667 668 669 670 671 669 671 672 673 674 675 673 675 676
				677 678 679 677 679 680 681 682 683 681 683 684 685 686 687
				685 687 688 689 690 691 689 691 692 693 694 695 693 695 696
				697 698 699 697 699 700 701 702 703 701 703 704 705 706 707
				705 707 708 709 710 711 709 711 712 713 714 715 713 715 716
				717 718 719 717 719 720 721 722 723 721 723 724 725 726 727
				725 727 728 729 730 731 729 731 732 733 734 735 733 735 736
				737 738 739 737 739 740 741 742 743 741 743 744 745 746 747
				745 747 748 749 750 751 749 751 752 753 754 755 753 755 756
				757 758 759 757 759 760 761 762 763 761 763 764 765 766 767
				765 767 768 769 770 771 769 771 772 773 774 775 773 775 776
				777 778 779 777 779 780 781 782 783 781 783 784 785 786 787
				785 787 788 789 790 791 789 791 792 793 794 795 793 795 796
				797 798 799 797 799 800 801 802 803 801 803 804 805 806 807
				805 807 808 809 810 811 809 811 812 813 814 815 813 815 816
				817 818 819 817 819 820 821 822 823 821 823 824 825 826 827
				825 827 828 829 830 831 829 831 832 833 834 835 833 835 836
				837 838 839 837 839 840 841 842 843 841 843 844 845 846 847
				845 847 848 849 850 851 849 851 852 853 854 855 853 855 856
				857 858 859 857 859 860 861 862 863 861 863 864 865 866 867
				865 867 868 869 870 871 869 871 872 873 874 875 873 875 876
				877 878 879 877 879 880 881 882 883 881 883 884 885 886 887
				885 887 888 889 890 891 889 891 892 893 894 895 893 895 896
				897 898 899 897 899 900 901 902 903 901 903 904 905 906 907
				905 907 908 909 910 911 909 911 912 913 914 915 913 915 916
				917 918 919 917 919 920 921 922 923 921 923 924 925 926 927
				925 927 928 929 930 931 929 931 932 933 934 935 933 935 936
				937 938 939 937 939 940 941 942 943 941 943 944 945 946 947
				945 947 948 949 950 951 949 951 952 953 954 955 953 955 956
				957 958 959 957 959 960 961 962 963 961 963 964 965 966 967
				965 967 968 969 970 971 969 971 972 973 974 975 973 975 976
				977 978 979 977 979 980 981 982 983 981 983 984 985 986 987
				985 987 988 989 990 991 989 991 992 993 994 995 993 995 996
				997 998 999 997 999 1000 1001 1002 1003 1001 1003 1004 1005 1006 1007
				1005 1007 1008 1009 1010 1011 1009 1011 1012 1013 1014 1015 1013 1015 1016
				1017 1018 1019 1017 1019 1020 1021 1022 1023 1021 1023 1024 1025 1026 1027
				1025 1027 1028 1029 1030 1031 1029 1031 1032 1033 1034 1035 1033 1035 1036
				1037 1038 1039 1037 1039 1040 1041 1042 1043 1041 1043 1044 1045 1046 1047
				1045 1047 1048 1049 1050 1051 1049 1051 1052 1053 1054 1055 1053 1055 1056
				1057 1058 1059 1057 1059 1060 1061 1062 1063 1061 1063 1064 1065 1066 1067
				1065 1067 1068 1069 1070 1071 1069 1071 1072 1073 1074 1075 1073 1075 1076
				1077 1078 1079 1077 1079 1080 1081 1082 1083 1081 1083 1084 1085 1086 1087
				1085 1087 1088 1089 1090 1091 1089 1091 1092 1093 1094 1095 1093 1095 1096
				1097 1098 1099 1097 1099 1100 1101 1102 1103 1101 1103 1104 1105 1106 1107
				1105 1107 1108 1109 1110 1111 1109 1111 1112 1113 1114 1115 1113 1115 1116
				1117 1118 1119 1117 1119 1120 1121 1122 1123 1121 1123 1124 1125 1126 1127
				1125 1127 1128 1129 1130 1131 1129 1131 1132 1133 1134 1135 1133 1135 1136
				1137 1138 1139 1137 1139 1140 1141 1142 1143 1141 1143 1144 1145 1146 1147
				1145 1147 1148 1149 1150 1151 1149 1151 1152 1153 1154 1155 1153 1155 1156
				1157 1158 1159 1157 1159 1160 1161 1162 1163 1161 1163 1164 1165 1166 1167
				1165 1167 1168 1169 1170 1171 1169 1171 1165 1172 1173 1166 1172 1166 1174
				1170 1172 1175 1170 1175 1176 1177 1178 1168 1177 1168 1163 1179 1180 1181
				1179 1181 1182 1162 1169 1183 1162 1183 1184 1184 1185 1186 1184 1186 1179
				1187 1183 1180 1187 1180 1188 1189 1190 1191 1189 1191 1192 1193 1194 1195
				1193 1195 1196 1197 1198 1199 1197 1199 1200 1201 1202 1203 1201 1203 1204
				1205 1206 1207 1205 1207 1208 1209 1210 1211 1209 1211 1212 1213 1214 1215
				1213 1215 1216 1217 1218 1219 1217 1219 1220 1221 1222 1223 1221 1223 1224
				1225 1226 1227 1225 1227 1228 1229 1230 1231 1229 1231 1232 1233 1234 1235
				1233 1235 1236 1237 1238 1239 1237 1239 1240 1241 1242 1243 1241 1243 1244
				1245 1246 1247 1245 1247 1248 1249 1250 1251 1249 1251 1252 1253 1254 1255
				1253 1255 1256 1257 1258 1259 1257 1259 1260 1257 1254 1261 1257 1261 1262
				1263 1264 1255 1263 1255 1260 1265 1266 1267 1265 1267 1268 1269 1270 1271
				1269 1271 1272 1273 1274 1275 1273 1275 1276 1277 1278 1279 1277 1279 1280
				1281 1282 1283 1281 1283 1284
			}
			Vertices 1285
			{
				0.58250000 -0.43450000 0.94700000 / 0.00000000 -1.00000000 0.00000000 / 255 255 255 255 / 0.28894040 0.00512695 / 1.00000000 0.00000000 0.00000000 1.00000000
				-0.34393340 -0.43450000 0.71400000 / 0.00000000 -1.00000000 0.00000000 / 255 255 255 255 / 0.06276040 0.06201172 / 1.00000000 0.00000000 0.00000000 1.00000000
				0.58250000 -0.43450000 0.71400000 / 0.00000000 -1.00000000 0.00000000 / 255 255 255 255 / 0.28894040 0.06201172 / 1.00000000 0.00000000 0.00000000 1.00000000
				-0.58250000 -0.43450000 0.94700000 / 0.00000000 -1.00000000 0.00000000 / 255 255 255 255 / 0.00451660 0.00512695 / 1.00000000 0.00000000 0.00000000 1.00000000
				-0.58250000 -0.43450000 0.71400000 / 0.00000000 -1.00000000 0.00000000 / 255 255 255 255 / 0.00451660 0.06201172 / 1.00000000 0.00000000 0.00000000 1.00000000
				0.58250000 -0.29000000 -0.85300000 / 1.00000000 0.00000000 0.00000000 / 255 255 255 255 / 0.61962890 0.44458010 / 0.00000000 1.00000000 0.00000000 1.00000000
				0.58250000 -0.29000000 0.71400000 / 1.00000000 0.00000000 0.00000000 / 255 255 255 255 / 0.61962890 0.06201172 / 0.00000000 1.00000000 0.00000000 1.00000000
				0.58250000 -0.41579530 0.71400000 / 1.00000000 0.00000000 0.00000000 / 255 255 255 255 / 0.58891720 0.06201172 / 0.00000000 1.00000000 0.00000000 1.00000000
				0.58250000 -0.29000000 0.94700000 / 1.00000000 0.00000000 0.00000000 / 255 255 255 255 / 0.61962890 0.00512695 / 0.00000000 1.00000000 0.00000000 1.00000000
				0.58250000 -0.43450000 0.94700000 / 1.00000000 0.00000000 0.00000000 / 255 255 255 255 / 0.58435060 0.00512695 / 0.00000000 1.00000000 0.00000000 1.00000000
				0.58250000 -0.43450000 0.71400000 / 1.00000000 0.00000000 0.00000000 / 255 255 255 255 / 0.58435060 0.06201172 / 0.00000000 1.00000000 0.00000000 1.00000000
				0.58250000 -0.43450000 -0.85300000 / 1.00000000 0.00000000 0.00000000 / 255 255 255 255 / 0.58435060 0.44458010 / 0.00000000 1.00000000 0.00000000 1.00000000
				0.58250000 0.43860000 -0.85300000 / 0.99999990 0.00000000 0.00000000 / 255 255 255 255 / 0.79750980 0.44458010 / 0.00000000 1.00000000 0.00000000 1.00000000
				0.58250000 0.43860000 0.90800000 / 0.99999990 0.00000000 0.00000000 / 255 255 255 255 / 0.79750980 0.01464844 / 0.00000000 1.00000000 0.00000000 1.00000000
				0.58250000 -0.29000000 0.90800000 / 0.99999990 0.00000000 0.00000000 / 255 255 255 255 / 0.61962890 0.01464844 / 0.00000000 1.00000000 0.00000000 1.00000000
				-0.58250000 -0.43450000 -0.85300000 / -1.00000000 0.00000000 0.00000000 / 255 255 255 255 / 0.21740720 0.91381830 / 0.00000000 -1.00000000 0.00000000 1.00000000
				-0.58250000 -0.43450000 0.71400000 / -1.00000000 0.00000000 0.00000000 / 255 255 255 255 / 0.21740720 0.53125000 / 0.00000000 -1.00000000 0.00000000 1.00000000
				-0.58250000 -0.30870470 0.71400000 / -1.00000000 0.00000000 0.00000000 / 255 255 255 255 / 0.18669550 0.53125000 / 0.00000000 -1.00000000 0.00000000 1.00000000
				-0.58250000 -0.43450000 0.94700000 / -1.00000000 0.00000000 0.00000000 / 255 255 255 255 / 0.21740720 0.47436520 / 0.00000000 -1.00000000 0.00000000 1.00000000
				-0.58250000 -0.29000000 0.94700000 / -1.00000000 0.00000000 0.00000000 / 255 255 255 255 / 0.18212890 0.47436520 / 0.00000000 -1.00000000 0.00000000 1.00000000
				-0.58250000 -0.29000000 0.71400000 / -1.00000000 0.00000000 0.00000000 / 255 255 255 255 / 0.18212890 0.53125000 / 0.00000000 -1.00000000 0.00000000 1.00000000
				-0.58250000 -0.29000000 -0.85300000 / -1.00000000 0.00000000 0.00000000 / 255 255 255 255 / 0.18212890 0.91381830 / 0.00000000 -1.00000000 0.00000000 1.00000000
				-0.58250000 -0.29000000 0.90800000 / -0.99999990 0.00000000 0.00000000 / 255 255 255 255 / 0.18212890 0.48388670 / 0.00000000 -1.00000000 0.00000000 1.00000000
				-0.58250000 0.43860000 0.90800000 / -0.99999990 0.00000000 0.00000000 / 255 255 255 255 / 0.00424805 0.48388670 / 0.00000000 -1.00000000 0.00000000 1.00000000
				-0.58250000 0.43860000 -0.85300000 / -0.99999990 0.00000000 0.00000000 / 255 255 255 255 / 0.00424805 0.91381830 / 0.00000000 -1.00000000 0.00000000 1.00000000
				-0.58250000 -0.43450000 0.94700000 / 0.00000000 0.00000000 1.00000000 / 255 255 255 255 / 0.22326660 0.68664550 / 1.00000000 0.00000000 0.00000000 1.00000000
				0.58250000 -0.43450000 0.94700000 / 0.00000000 0.00000000 1.00000000 / 255 255 255 255 / 0.50769040 0.68664550 / 1.00000000 0.00000000 0.00000000 1.00000000
				0.58250000 -0.29000000 0.94700000 / 0.00000000 0.00000000 1.00000000 / 255 255 255 255 / 0.50769040 0.65136720 / 1.00000000 0.00000000 0.00000000 1.00000000
				-0.58250000 -0.29000000 0.94700000 / 0.00000000 0.00000000 1.00000000 / 255 255 255 255 / 0.22326660 0.65136720 / 1.00000000 0.00000000 0.00000000 1.00000000
				-0.58250000 -0.29000000 0.90800000 / 0.00000000 0.00000000 1.00000000 / 255 255 255 255 / 0.22326660 0.65136720 / 1.00000000 0.00000000 0.00000000 1.00000000
				0.58250000 -0.29000000 0.90800000 / 0.00000000 0.00000000 1.00000000 / 255 255 255 255 / 0.50769040 0.65136720 / 1.00000000 0.00000000 0.00000000 1.00000000
				0.58250000 0.43860000 0.90800000 / 0.00000000 0.00000000 1.00000000 / 255 255 255 255 / 0.50769040 0.47348630 / 1.00000000 0.00000000 0.00000000 1.00000000
				-0.58250000 0.43860000 0.90800000 / 0.00000000 0.00000000 1.00000000 / 255 255 255 255 / 0.22326660 0.47348630 / 1.00000000 0.00000000 0.00000000 1.00000000
				-0.58250000 -0.29000000 0.94700000 / 0.00000000 0.99999990 0.00000000 / 255 255 255 255 / 0.57849120 0.00512695 / -1.00000000 0.00000000 0.00000000 1.00000000
				0.58250000 -0.29000000 0.94700000 / 0.00000000 0.99999990 0.00000000 / 255 255 255 255 / 0.29406740 0.00512695 / -1.00000000 0.00000000 0.00000000 1.00000000
				0.58250000 -0.29000000 0.90800000 / 0.00000000 0.99999990 0.00000000 / 255 255 255 255 / 0.29406740 0.01464844 / -1.00000000 0.00000000 0.00000000 1.00000000
				-0.58250000 -0.29000000 0.90800000 / 0.00000000 0.99999990 0.00000000 / 255 255 255 255 / 0.57849120 0.01464844 / -1.00000000 0.00000000 0.00000000 1.00000000
				-0.58250000 0.43860000 0.90800000 / 0.00000000 1.00000000 0.00000000 / 255 255 255 255 / 0.57849120 0.01464844 / -1.00000000 0.00000000 0.00000000 1.00000000
				0.58250000 0.43860000 0.90800000 / 0.00000000 1.00000000 0.00000000 / 255 255 255 255 / 0.29406740 0.01464844 / -1.00000000 0.00000000 0.00000000 1.00000000
				0.58250000 0.43860000 -0.85300000 / 0.00000000 1.00000000 0.00000000 / 255 255 255 255 / 0.29406740 0.44458010 / -1.00000000 0.00000000 0.00000000 1.00000000
				-0.58250000 0.43860000 -0.85300000 / 0.00000000 1.00000000 0.00000000 / 255 255 255 255 / 0.57849120 0.44458010 / -1.00000000 0.00000000 0.00000000 1.00000000
				-0.58250000 0.43860000 -0.85300000 / 0.00000000 0.00000000 -1.00000000 / 255 255 255 255 / 0.22326660 0.90639650 / 1.00000000 0.00000000 0.00000000 1.00000000
				0.58250000 0.43860000 -0.85300000 / 0.00000000 0.00000000 -1.00000000 / 255 255 255 255 / 0.50769040 0.90639650 / 1.00000000 0.00000000 0.00000000 1.00000000
				0.58250000 -0.43450000 -0.85300000 / 0.00000000 0.00000000 -1.00000000 / 255 255 255 255 / 0.50769040 0.69323730 / 1.00000000 0.00000000 0.00000000 1.00000000
				-0.58250000 -0.43450000 -0.85300000 / 0.00000000 0.00000000 -1.00000000 / 255 255 255 255 / 0.22326660 0.69323730 / 1.00000000 0.00000000 0.00000000 1.00000000
				-0.57800000 -0.41500000 -0.92800000 / 0.00000000 -1.00000000 0.00000000 / 255 255 255 255 / 0.00561523 0.46289060 / 0.99999990 0.00000000 0.00000000 1.00000000
				0.57800000 -0.41500000 -0.92800000 / 0.00000000 -1.00000000 0.00000000 / 255 255 255 255 / 0.28784180 0.46289060 / 1.00000000 0.00000000 0.00000000 1.00000000
				0.57800000 -0.41500000 -0.85300000 / 0.00000000 -1.00000000 0.00000000 / 255 255 255 255 / 0.28784180 0.44458010 / 0.99999990 0.00000000 0.00000000 1.00000000
				-0.57800000 -0.41500000 -0.85300000 / 0.00000000 -1.00000000 0.00000000 / 255 255 255 255 / 0.00561523 0.44458010 / 1.00000000 0.00000000 0.00000000 1.00000000
				-0.57800000 0.42500000 -0.92800000 / 0.00000000 1.00000000 0.00000000 / 255 255 255 255 / 0.57739260 0.46289060 / -0.99999990 0.00000000 0.00000000 1.00000000
				-0.57800000 0.42500000 -0.85300000 / 0.00000000 1.00000000 0.00000000 / 255 255 255 255 / 0.57739260 0.44458010 / -1.00000000 0.00000000 0.00000000 1.00000000
				0.57800000 0.42500000 -0.85300000 / 0.00000000 1.00000000 0.00000000 / 255 255 255 255 / 0.29516600 0.44458010 / -0.99999990 0.00000000 0.00000000 1.00000000
				0.57800000 0.42500000 -0.92800000 / 0.00000000 1.00000000 0.00000000 / 255 255 255 255 / 0.29516600 0.46289060 / -1.00000000 0.00000000 0.00000000 1.00000000
				0.57800000 0.42500000 -0.92800000 / 1.00000000 0.00000000 0.00000000 / 255 255 255 255 / 0.79418950 0.46289060 / 0.00000000 1.00000000 0.00000000 1.00000000
				0.57800000 0.42500000 -0.85300000 / 1.00000000 0.00000000 0.00000000 / 255 255 255 255 / 0.79418950 0.44458010 / 0.00000000 1.00000000 0.00000000 1.00000000
				0.57800000 -0.41500000 -0.85300000 / 1.00000000 0.00000000 0.00000000 / 255 255 255 255 / 0.58911130 0.44458010 / 0.00000000 1.00000000 0.00000000 1.00000000
				0.57800000 -0.41500000 -0.92800000 / 1.00000000 0.00000000 0.00000000 / 255 255 255 255 / 0.58911130 0.46289060 / 0.00000000 1.00000000 0.00000000 1.00000000
				-0.57800000 -0.41500000 -0.92800000 / -1.00000000 0.00000000 0.00000000 / 255 255 255 255 / 0.21264650 0.93212890 / 0.00000000 -1.00000000 0.00000000 1.00000000
				-0.57800000 -0.41500000 -0.85300000 / -1.00000000 0.00000000 0.00000000 / 255 255 255 255 / 0.21264650 0.91381830 / 0.00000000 -1.00000000 0.00000000 1.00000000
				-0.57800000 0.42500000 -0.85300000 / -1.00000000 0.00000000 0.00000000 / 255 255 255 255 / 0.00756836 0.91381830 / 0.00000000 -1.00000000 0.00000000 1.00000000
				-0.57800000 0.42500000 -0.92800000 / -1.00000000 0.00000000 0.00000000 / 255 255 255 255 / 0.00756836 0.93212890 / 0.00000000 -1.00000000 0.00000000 1.00000000
				-0.57800000 0.42500000 -0.92800000 / 0.00000000 0.00000000 -1.00000000 / 255 255 255 255 / 0.22436520 0.90307620 / 1.00000000 0.00000000 0.00000000 1.00000000
				0.57800000 0.42500000 -0.92800000 / 0.00000000 0.00000000 -1.00000000 / 255 255 255 255 / 0.50659180 0.90307620 / 1.00000000 0.00000000 0.00000000 1.00000000
				0.57800000 -0.41500000 -0.92800000 / 0.00000000 0.00000000 -1.00000000 / 255 255 255 255 / 0.50659180 0.69799800 / 1.00000000 0.00000000 0.00000000 1.00000000
				-0.57800000 -0.41500000 -0.92800000 / 0.00000000 0.00000000 -1.00000000 / 255 255 255 255 / 0.22436520 0.69799800 / 1.00000000 0.00000000 0.00000000 1.00000000
				-0.57500000 0.36500000 -0.95350000 / 0.00000000 -1.00000000 0.00000000 / 255 255 255 255 / 0.00634766 0.46911620 / 1.00000000 0.00000000 0.00000000 1.00000000
				-0.51500000 0.36500000 -0.95350000 / 0.00000000 -1.00000000 0.00000000 / 255 255 255 255 / 0.02099609 0.46911620 / 1.00000000 0.00000000 0.00000000 1.00000000
				-0.51500000 0.36500000 -0.92800000 / 0.00000000 -1.00000000 0.00000000 / 255 255 255 255 / 0.02099609 0.46289060 / 1.00000000 0.00000000 0.00000000 1.00000000
				-0.57500000 0.36500000 -0.92800000 / 0.00000000 -1.00000000 0.00000000 / 255 255 255 255 / 0.00634766 0.46289060 / 1.00000000 0.00000000 0.00000000 1.00000000
				-0.57500000 0.42500000 -0.95350000 / 0.00000000 1.00000000 0.00000000 / 255 255 255 255 / 0.57666020 0.46911620 / -1.00000000 0.00000000 0.00000000 1.00000000
				-0.57500000 0.42500000 -0.92800000 / 0.00000000 1.00000000 0.00000000 / 255 255 255 255 / 0.57666020 0.46289060 / -1.00000000 0.00000000 0.00000000 1.00000000
				-0.51500000 0.42500000 -0.92800000 / 0.00000000 1.00000000 0.00000000 / 255 255 255 255 / 0.56201170 0.46289060 / -1.00000000 0.00000000 0.00000000 1.00000000
				-0.51500000 0.42500000 -0.95350000 / 0.00000000 1.00000000 0.00000000 / 255 255 255 255 / 0.56201170 0.46911620 / -1.00000000 0.00000000 0.00000000 1.00000000
				-0.51500000 0.42500000 -0.95350000 / 1.00000000 0.00000000 0.00000000 / 255 255 255 255 / 0.79418950 0.46911620 / 0.00000000 1.00000000 0.00000000 1.00000000
				-0.51500000 0.42500000 -0.92800000 / 1.00000000 0.00000000 0.00000000 / 255 255 255 255 / 0.79418950 0.46289060 / 0.00000000 1.00000000 0.00000000 1.00000000
				-0.51500000 0.36500000 -0.92800000 / 1.00000000 0.00000000 0.00000000 / 255 255 255 255 / 0.77954100 0.46289060 / 0.00000000 1.00000000 0.00000000 1.00000000
				-0.51500000 0.36500000 -0.95350000 / 1.00000000 0.00000000 0.00000000 / 255 255 255 255 / 0.77954100 0.46911620 / 0.00000000 1.00000000 0.00000000 1.00000000
				-0.57500000 0.36500000 -0.95350000 / -1.00000000 0.00000000 0.00000000 / 255 255 255 255 / 0.02221680 0.93835450 / 0.00000000 -1.00000000 0.00000000 1.00000000
				-0.57500000 0.36500000 -0.92800000 / -1.00000000 0.00000000 0.00000000 / 255 255 255 255 / 0.02221680 0.93212890 / 0.00000000 -1.00000000 0.00000000 1.00000000
				-0.57500000 0.42500000 -0.92800000 / -1.00000000 0.00000000 0.00000000 / 255 255 255 255 / 0.00756836 0.93212890 / 0.00000000 -1.00000000 0.00000000 1.00000000
				-0.57500000 0.42500000 -0.95350000 / -1.00000000 0.00000000 0.00000000 / 255 255 255 255 / 0.00756836 0.93835450 / 0.00000000 -1.00000000 0.00000000 1.00000000
				-0.57500000 0.42500000 -0.95350000 / 0.00000000 0.00000000 -1.00000000 / 255 255 255 255 / 0.22509770 0.90307620 / 1.00000000 0.00000000 0.00000000 1.00000000
				-0.51500000 0.42500000 -0.95350000 / 0.00000000 0.00000000 -1.00000000 / 255 255 255 255 / 0.23974610 0.90307620 / 1.00000000 0.00000000 0.00000000 1.00000000
				-0.51500000 0.36500000 -0.95350000 / 0.00000000 0.00000000 -1.00000000 / 255 255 255 255 / 0.23974610 0.88842770 / 1.00000000 0.00000000 0.00000000 1.00000000
				-0.57500000 0.36500000 -0.95350000 / 0.00000000 0.00000000 -1.00000000 / 255 255 255 255 / 0.22509770 0.88842770 / 1.00000000 0.00000000 0.00000000 1.00000000
				-0.57500000 -0.41500000 -0.95350000 / 0.00000000 -1.00000000 0.00000000 / 255 255 255 255 / 0.00634766 0.46911620 / 1.00000000 0.00000000 0.00000000 1.00000000
				-0.51500000 -0.41500000 -0.95350000 / 0.00000000 -1.00000000 0.00000000 / 255 255 255 255 / 0.02099609 0.46911620 / 1.00000000 0.00000000 0.00000000 1.00000000
				-0.51500000 -0.41500000 -0.92800000 / 0.00000000 -1.00000000 0.00000000 / 255 255 255 255 / 0.02099609 0.46289060 / 1.00000000 0.00000000 0.00000000 1.00000000
				-0.57500000 -0.41500000 -0.92800000 / 0.00000000 -1.00000000 0.00000000 / 255 255 255 255 / 0.00634766 0.46289060 / 1.00000000 0.00000000 0.00000000 1.00000000
				-0.57500000 -0.35500000 -0.95350000 / 0.00000000 1.00000000 0.00000000 / 255 255 255 255 / 0.57666020 0.46911620 / -1.00000000 0.00000000 0.00000000 1.00000000
				-0.57500000 -0.35500000 -0.92800000 / 0.00000000 1.00000000 0.00000000 / 255 255 255 255 / 0.57666020 0.46289060 / -1.00000000 0.00000000 0.00000000 1.00000000
				-0.51500000 -0.35500000 -0.92800000 / 0.00000000 1.00000000 0.00000000 / 255 255 255 255 / 0.56201170 0.46289060 / -1.00000000 0.00000000 0.00000000 1.00000000
				-0.51500000 -0.35500000 -0.95350000 / 0.00000000 1.00000000 0.00000000 / 255 255 255 255 / 0.56201170 0.46911620 / -1.00000000 0.00000000 0.00000000 1.00000000
				-0.51500000 -0.35500000 -0.95350000 / 1.00000000 0.00000000 0.00000000 / 255 255 255 255 / 0.60375980 0.46911620 / 0.00000000 1.00000000 0.00000000 1.00000000
				-0.51500000 -0.35500000 -0.92800000 / 1.00000000 0.00000000 0.00000000 / 255 255 255 255 / 0.60375980 0.46289060 / 0.00000000 1.00000000 0.00000000 1.00000000
				-0.51500000 -0.41500000 -0.92800000 / 1.00000000 0.00000000 0.00000000 / 255 255 255 255 / 0.58911130 0.46289060 / 0.00000000 1.00000000 0.00000000 1.00000000
				-0.51500000 -0.41500000 -0.95350000 / 1.00000000 0.00000000 0.00000000 / 255 255 255 255 / 0.58911130 0.46911620 / 0.00000000 1.00000000 0.00000000 1.00000000
				-0.57500000 -0.41500000 -0.95350000 / -1.00000000 0.00000000 0.00000000 / 255 255 255 255 / 0.21264650 0.93835450 / 0.00000000 -1.00000000 0.00000000 1.00000000
				-0.57500000 -0.41500000 -0.92800000 / -1.00000000 0.00000000 0.00000000 / 255 255 255 255 / 0.21264650 0.93212890 / 0.00000000 -1.00000000 0.00000000 1.00000000
				-0.57500000 -0.35500000 -0.92800000 / -1.00000000 0.00000000 0.00000000 / 255 255 255 255 / 0.19799800 0.93212890 / 0.00000000 -1.00000000 0.00000000 1.00000000
				-0.57500000 -0.35500000 -0.95350000 / -1.00000000 0.00000000 0.00000000 / 255 255 255 255 / 0.19799800 0.93835450 / 0.00000000 -1.00000000 0.00000000 1.00000000
				-0.57500000 -0.35500000 -0.95350000 / 0.00000000 0.00000000 -1.00000000 / 255 255 255 255 / 0.22509770 0.71264650 / 1.00000000 0.00000000 0.00000000 1.00000000
				-0.51500000 -0.35500000 -0.95350000 / 0.00000000 0.00000000 -1.00000000 / 255 255 255 255 / 0.23974610 0.71264650 / 1.00000000 0.00000000 0.00000000 1.00000000
				-0.51500000 -0.41500000 -0.95350000 / 0.00000000 0.00000000 -1.00000000 / 255 255 255 255 / 0.23974610 0.69799800 / 1.00000000 0.00000000 0.00000000 1.00000000
				-0.57500000 -0.41500000 -0.95350000 / 0.00000000 0.00000000 -1.00000000 / 255 255 255 255 / 0.22509770 0.69799800 / 1.00000000 0.00000000 0.00000000 1.00000000
				0.51500000 0.36500000 -0.95350000 / 0.00000000 -1.00000000 0.00000000 / 255 255 255 255 / 0.27246090 0.46911620 / 1.00000000 0.00000000 0.00000000 1.00000000
				0.57500000 0.36500000 -0.95350000 / 0.00000000 -1.00000000 0.00000000 / 255 255 255 255 / 0.28710940 0.46911620 / 1.00000000 0.00000000 0.00000000 1.00000000
				0.57500000 0.36500000 -0.92800000 / 0.00000000 -1.00000000 0.00000000 / 255 255 255 255 / 0.28710940 0.46289060 / 1.00000000 0.00000000 0.00000000 1.00000000
				0.51500000 0.36500000 -0.92800000 / 0.00000000 -1.00000000 0.00000000 / 255 255 255 255 / 0.27246090 0.46289060 / 1.00000000 0.00000000 0.00000000 1.00000000
				0.51500000 0.42500000 -0.95350000 / 0.00000000 1.00000000 0.00000000 / 255 255 255 255 / 0.31054690 0.46911620 / -1.00000000 0.00000000 0.00000000 1.00000000
				0.51500000 0.42500000 -0.92800000 / 0.00000000 1.00000000 0.00000000 / 255 255 255 255 / 0.31054690 0.46289060 / -1.00000000 0.00000000 0.00000000 1.00000000
				0.57500000 0.42500000 -0.92800000 / 0.00000000 1.00000000 0.00000000 / 255 255 255 255 / 0.29589840 0.46289060 / -1.00000000 0.00000000 0.00000000 1.00000000
				0.57500000 0.42500000 -0.95350000 / 0.00000000 1.00000000 0.00000000 / 255 255 255 255 / 0.29589840 0.46911620 / -1.00000000 0.00000000 0.00000000 1.00000000
				0.57500000 0.42500000 -0.95350000 / 1.00000000 0.00000000 0.00000000 / 255 255 255 255 / 0.79418950 0.46911620 / 0.00000000 1.00000000 0.00000000 1.00000000
				0.57500000 0.42500000 -0.92800000 / 1.00000000 0.00000000 0.00000000 / 255 255 255 255 / 0.79418950 0.46289060 / 0.00000000 1.00000000 0.00000000 1.00000000
				0.57500000 0.36500000 -0.92800000 / 1.00000000 0.00000000 0.00000000 / 255 255 255 255 / 0.77954100 0.46289060 / 0.00000000 1.00000000 0.00000000 1.00000000
				0.57500000 0.36500000 -0.95350000 / 1.00000000 0.00000000 0.00000000 / 255 255 255 255 / 0.77954100 0.46911620 / 0.00000000 1.00000000 0.00000000 1.00000000
				0.51500000 0.36500000 -0.95350000 / -1.00000000 0.00000000 0.00000000 / 255 255 255 255 / 0.02221680 0.93835450 / 0.00000000 -1.00000000 0.00000000 1.00000000
				0.51500000 0.36500000 -0.92800000 / -1.00000000 0.00000000 0.00000000 / 255 255 255 255 / 0.02221680 0.93212890 / 0.00000000 -1.00000000 0.00000000 1.00000000
				0.51500000 0.42500000 -0.92800000 / -1.00000000 0.00000000 0.00000000 / 255 255 255 255 / 0.00756836 0.93212890 / 0.00000000 -1.00000000 0.00000000 1.00000000
				0.51500000 0.42500000 -0.95350000 / -1.00000000 0.00000000 0.00000000 / 255 255 255 255 / 0.00756836 0.93835450 / 0.00000000 -1.00000000 0.00000000 1.00000000
				0.51500000 0.42500000 -0.95350000 / 0.00000000 0.00000000 -1.00000000 / 255 255 255 255 / 0.49121090 0.90307620 / 1.00000000 0.00000000 0.00000000 1.00000000
				0.57500000 0.42500000 -0.95350000 / 0.00000000 0.00000000 -1.00000000 / 255 255 255 255 / 0.50585940 0.90307620 / 1.00000000 0.00000000 0.00000000 1.00000000
				0.57500000 0.36500000 -0.95350000 / 0.00000000 0.00000000 -1.00000000 / 255 255 255 255 / 0.50585940 0.88842770 / 1.00000000 0.00000000 0.00000000 1.00000000
				0.51500000 0.36500000 -0.95350000 / 0.00000000 0.00000000 -1.00000000 / 255 255 255 255 / 0.49121090 0.88842770 / 1.00000000 0.00000000 0.00000000 1.00000000
				0.51500000 -0.41500000 -0.95350000 / 0.00000000 -1.00000000 0.00000000 / 255 255 255 255 / 0.27246090 0.46911620 / 1.00000000 0.00000000 0.00000000 1.00000000
				0.57500000 -0.41500000 -0.95350000 / 0.00000000 -1.00000000 0.00000000 / 255 255 255 255 / 0.28710940 0.46911620 / 1.00000000 0.00000000 0.00000000 1.00000000
				0.57500000 -0.41500000 -0.92800000 / 0.00000000 -1.00000000 0.00000000 / 255 255 255 255 / 0.28710940 0.46289060 / 1.00000000 0.00000000 0.00000000 1.00000000
				0.51500000 -0.41500000 -0.92800000 / 0.00000000 -1.00000000 0.00000000 / 255 255 255 255 / 0.27246090 0.46289060 / 1.00000000 0.00000000 0.00000000 1.00000000
				0.51500000 -0.35500000 -0.95350000 / 0.00000000 1.00000000 0.00000000 / 255 255 255 255 / 0.31054690 0.46911620 / -1.00000000 0.00000000 0.00000000 1.00000000
				0.51500000 -0.35500000 -0.92800000 / 0.00000000 1.00000000 0.00000000 / 255 255 255 255 / 0.31054690 0.46289060 / -1.00000000 0.00000000 0.00000000 1.00000000
				0.57500000 -0.35500000 -0.92800000 / 0.00000000 1.00000000 0.00000000 / 255 255 255 255 / 0.29589840 0.46289060 / -1.00000000 0.00000000 0.00000000 1.00000000
				0.57500000 -0.35500000 -0.95350000 / 0.00000000 1.00000000 0.00000000 / 255 255 255 255 / 0.29589840 0.46911620 / -1.00000000 0.00000000 0.00000000 1.00000000
				0.57500000 -0.35500000 -0.95350000 / 1.00000000 0.00000000 0.00000000 / 255 255 255 255 / 0.60375980 0.46911620 / 0.00000000 1.00000000 0.00000000 1.00000000
				0.57500000 -0.35500000 -0.92800000 / 1.00000000 0.00000000 0.00000000 / 255 255 255 255 / 0.60375980 0.46289060 / 0.00000000 1.00000000 0.00000000 1.00000000
				0.57500000 -0.41500000 -0.92800000 / 1.00000000 0.00000000 0.00000000 / 255 255 255 255 / 0.58911130 0.46289060 / 0.00000000 1.00000000 0.00000000 1.00000000
				0.57500000 -0.41500000 -0.95350000 / 1.00000000 0.00000000 0.00000000 / 255 255 255 255 / 0.58911130 0.46911620 / 0.00000000 1.00000000 0.00000000 1.00000000
				0.51500000 -0.41500000 -0.95350000 / -1.00000000 0.00000000 0.00000000 / 255 255 255 255 / 0.21264650 0.93835450 / 0.00000000 -1.00000000 0.00000000 1.00000000
				0.51500000 -0.41500000 -0.92800000 / -1.00000000 0.00000000 0.00000000 / 255 255 255 255 / 0.21264650 0.93212890 / 0.00000000 -1.00000000 0.00000000 1.00000000
				0.51500000 -0.35500000 -0.92800000 / -1.00000000 0.00000000 0.00000000 / 255 255 255 255 / 0.19799800 0.93212890 / 0.00000000 -1.00000000 0.00000000 1.00000000
				0.51500000 -0.35500000 -0.95350000 / -1.00000000 0.00000000 0.00000000 / 255 255 255 255 / 0.19799800 0.93835450 / 0.00000000 -1.00000000 0.00000000 1.00000000
				0.51500000 -0.35500000 -0.95350000 / 0.00000000 0.00000000 -1.00000000 / 255 255 255 255 / 0.49121090 0.71264650 / 1.00000000 0.00000000 0.00000000 1.00000000
				0.57500000 -0.35500000 -0.95350000 / 0.00000000 0.00000000 -1.00000000 / 255 255 255 255 / 0.50585940 0.71264650 / 1.00000000 0.00000000 0.00000000 1.00000000
				0.57500000 -0.41500000 -0.95350000 / 0.00000000 0.00000000 -1.00000000 / 255 255 255 255 / 0.50585940 0.69799800 / 1.00000000 0.00000000 0.00000000 1.00000000
				0.51500000 -0.41500000 -0.95350000 / 0.00000000 0.00000000 -1.00000000 / 255 255 255 255 / 0.49121090 0.69799800 / 1.00000000 0.00000000 0.00000000 1.00000000
				-0.52500000 -0.30000000 -0.40800000 / 0.00000000 -1.00000000 0.00000000 / 255 255 255 255 / 0.01855469 0.33593750 / 1.00000000 0.00000000 0.00000000 1.00000000
				0.22500000 -0.30000000 -0.40800000 / 0.00000000 -1.00000000 0.00000000 / 255 255 255 255 / 0.20166020 0.33593750 / 1.00000000 0.00000000 0.00000000 1.00000000
				0.22500000 -0.30000000 0.65400000 / 0.00000000 -1.00000000 0.00000000 / 255 255 255 255 / 0.20166020 0.07666016 / 1.00000000 0.00000000 0.00000000 1.00000000
				-0.52500000 -0.30000000 0.65400000 / 0.00000000 -0.99999990 0.00000000 / 255 255 255 255 / 0.01855469 0.07666016 / 1.00000000 0.00000000 0.00000000 1.00000000
				-0.52500000 -0.30000000 -0.40800000 / 1.00000000 0.00000000 0.00000000 / 255 255 255 255 / 0.57470700 0.53564450 / 1.00000000 0.00000000 0.00000000 -1.00000000
				-0.52500000 -0.30000000 0.65400000 / 1.00000000 0.00000000 0.00000000 / 255 255 255 255 / 0.57470700 0.53564450 / 1.00000000 0.00000000 0.00000000 -1.00000000
				-0.52500000 -0.43450000 0.65400000 / 1.00000000 0.00000000 0.00000000 / 255 255 255 255 / 0.57470700 0.53564450 / 1.00000000 0.00000000 0.00000000 -1.00000000
				-0.52500000 -0.43450000 -0.40800000 / 1.00000000 0.00000000 0.00000000 / 255 255 255 255 / 0.57470700 0.53564450 / 1.00000000 0.00000000 0.00000000 -1.00000000
				0.22500000 -0.43450000 -0.40800000 / -1.00000000 0.00000000 0.00000000 / 255 255 255 255 / 0.57470700 0.53564450 / 1.00000000 0.00000000 0.00000000 -1.00000000
				0.22500000 -0.43450000 0.65400000 / -1.00000000 0.00000000 0.00000000 / 255 255 255 255 / 0.57470700 0.53564450 / 1.00000000 0.00000000 0.00000000 -1.00000000
				0.22500000 -0.30000000 0.65400000 / -1.00000000 0.00000000 0.00000000 / 255 255 255 255 / 0.57470700 0.53564450 / 1.00000000 0.00000000 0.00000000 -1.00000000
				0.22500000 -0.30000000 -0.40800000 / -1.00000000 0.00000000 0.00000000 / 255 255 255 255 / 0.57470700 0.53564450 / 1.00000000 0.00000000 0.00000000 -1.00000000
				-0.52500000 -0.43450000 -0.40800000 / 0.00000000 0.00000000 1.00000000 / 255 255 255 255 / 0.57470700 0.53564450 / 1.00000000 0.00000000 0.00000000 -1.00000000
				0.22500000 -0.43450000 -0.40800000 / 0.00000000 0.00000000 1.00000000 / 255 255 255 255 / 0.57470700 0.53564450 / 1.00000000 0.00000000 0.00000000 -1.00000000
				0.22500000 -0.30000000 -0.40800000 / 0.00000000 0.00000000 1.00000000 / 255 255 255 255 / 0.57470700 0.53564450 / 1.00000000 0.00000000 0.00000000 -1.00000000
				-0.52500000 -0.30000000 -0.40800000 / 0.00000000 0.00000000 0.99999990 / 255 255 255 255 / 0.57470700 0.53564450 / 1.00000000 0.00000000 0.00000000 -1.00000000
				-0.52500000 -0.30000000 0.65400000 / 0.00000000 0.00000000 -0.99999990 / 255 255 255 255 / 0.57470700 0.53564450 / 1.00000000 0.00000000 0.00000000 -1.00000000
				0.22500000 -0.30000000 0.65400000 / 0.00000000 0.00000000 -0.99999990 / 255 255 255 255 / 0.57470700 0.53564450 / 1.00000000 0.00000000 0.00000000 -1.00000000
				0.22500000 -0.43450000 0.65400000 / 0.00000000 0.00000000 -0.99999990 / 255 255 255 255 / 0.57470700 0.53564450 / 1.00000000 0.00000000 0.00000000 -1.00000000
				-0.52500000 -0.43450000 0.65400000 / 0.00000000 0.00000000 -1.00000000 / 255 255 255 255 / 0.57470700 0.53564450 / 1.00000000 0.00000000 0.00000000 -1.00000000
				-0.52500000 -0.34500000 0.31600000 / 0.00000000 -1.00000000 0.00000000 / 255 255 255 255 / 0.01855469 0.15917970 / 1.00000000 0.00000000 0.00000000 1.00000000
				0.22500000 -0.34500000 0.31600000 / 0.00000000 -1.00000000 0.00000000 / 255 255 255 255 / 0.20166020 0.15917970 / 1.00000000 0.00000000 0.00000000 1.00000000
				0.22500000 -0.34500000 0.37000000 / 0.00000000 -1.00000000 0.00000000 / 255 255 255 255 / 0.20166020 0.14599610 / 1.00000000 0.00000000 0.00000000 1.00000000
				-0.52500000 -0.34500000 0.37000000 / 0.00000000 -1.00000000 0.00000000 / 255 255 255 255 / 0.01855469 0.14599610 / 1.00000000 0.00000000 0.00000000 1.00000000
				-0.52500000 -0.34500000 0.37000000 / 0.00000000 0.00000000 1.00000000 / 255 255 255 255 / 0.01855469 0.14697270 / 1.00000000 0.00000000 0.00000000 -1.00000000
				0.22500000 -0.34500000 0.37000000 / 0.00000000 0.00000000 1.00000000 / 255 255 255 255 / 0.20166020 0.14697270 / 1.00000000 0.00000000 0.00000000 -1.00000000
				0.22500000 -0.30000000 0.37000000 / 0.00000000 0.00000000 1.00000000 / 255 255 255 255 / 0.20166020 0.14697270 / 1.00000000 0.00000000 0.00000000 -1.00000000
				-0.52500000 -0.30000000 0.37000000 / 0.00000000 0.00000000 1.00000000 / 255 255 255 255 / 0.01855469 0.14697270 / 1.00000000 0.00000000 0.00000000 -1.00000000
				-0.52500000 -0.30000000 0.31600000 / 0.00000000 0.00000000 -1.00000000 / 255 255 255 255 / 0.01855469 0.15820310 / 1.00000000 0.00000000 0.00000000 -1.00000000
				0.22500000 -0.30000000 0.31600000 / 0.00000000 0.00000000 -1.00000000 / 255 255 255 255 / 0.20166020 0.15820310 / 1.00000000 0.00000000 0.00000000 -1.00000000
				0.22500000 -0.34500000 0.31600000 / 0.00000000 0.00000000 -1.00000000 / 255 255 255 255 / 0.20166020 0.15820310 / 1.00000000 0.00000000 0.00000000 -1.00000000
				-0.52500000 -0.34500000 0.31600000 / 0.00000000 0.00000000 -1.00000000 / 255 255 255 255 / 0.01855469 0.15820310 / 1.00000000 0.00000000 0.00000000 -1.00000000
				-0.44800000 -0.35000000 0.32400000 / 0.00000000 -1.00000000 0.00000000 / 255 255 255 255 / 0.03735352 0.15722660 / 1.00000000 0.00000000 0.00000000 1.00000000
				-0.38000000 -0.35000000 0.32400000 / 0.00000000 -1.00000000 0.00000000 / 255 255 255 255 / 0.05395508 0.15722660 / 1.00000000 0.00000000 0.00000000 1.00000000
				-0.38000000 -0.35000000 0.36400000 / 0.00000000 -1.00000000 0.00000000 / 255 255 255 255 / 0.05395508 0.14746090 / 1.00000000 0.00000000 0.00000000 1.00000000
				-0.44800000 -0.35000000 0.36400000 / 0.00000000 -1.00000000 0.00000000 / 255 255 255 255 / 0.03735352 0.14746090 / 1.00000000 0.00000000 0.00000000 1.00000000
				-0.38000000 -0.34500000 0.32400000 / 0.99999990 0.00000000 0.00000000 / 255 255 255 255 / 0.05297851 0.15722660 / 1.00000000 0.00000000 0.00000000 -1.00000000
				-0.38000000 -0.34500000 0.36400000 / 0.99999990 0.00000000 0.00000000 / 255 255 255 255 / 0.05297851 0.14746090 / 1.00000000 0.00000000 0.00000000 -1.00000000
				-0.38000000 -0.35000000 0.36400000 / 0.99999990 0.00000000 0.00000000 / 255 255 255 255 / 0.05297851 0.14746090 / 1.00000000 0.00000000 0.00000000 -1.00000000
				-0.38000000 -0.35000000 0.32400000 / 0.99999990 0.00000000 0.00000000 / 255 255 255 255 / 0.05297851 0.15722660 / 1.00000000 0.00000000 0.00000000 -1.00000000
				-0.44800000 -0.35000000 0.32400000 / -0.99999990 0.00000000 0.00000000 / 255 255 255 255 / 0.03833008 0.15722660 / 1.00000000 0.00000000 0.00000000 -1.00000000
				-0.44800000 -0.35000000 0.36400000 / -0.99999990 0.00000000 0.00000000 / 255 255 255 255 / 0.03833008 0.14746090 / 1.00000000 0.00000000 0.00000000 -1.00000000
				-0.44800000 -0.34500000 0.36400000 / -0.99999990 0.00000000 0.00000000 / 255 255 255 255 / 0.03833008 0.14746090 / 1.00000000 0.00000000 0.00000000 -1.00000000
				-0.44800000 -0.34500000 0.32400000 / -0.99999990 0.00000000 0.00000000 / 255 255 255 255 / 0.03833008 0.15722660 / 1.00000000 0.00000000 0.00000000 -1.00000000
				-0.44800000 -0.35000000 0.36400000 / 0.00000000 0.00000000 1.00000000 / 255 255 255 255 / 0.03735352 0.14843750 / 1.00000000 0.00000000 0.00000000 -1.00000000
				-0.38000000 -0.35000000 0.36400000 / 0.00000000 0.00000000 1.00000000 / 255 255 255 255 / 0.05395508 0.14843750 / 1.00000000 0.00000000 0.00000000 -1.00000000
				-0.38000000 -0.34500000 0.36400000 / 0.00000000 0.00000000 1.00000000 / 255 255 255 255 / 0.05395508 0.14843750 / 1.00000000 0.00000000 0.00000000 -1.00000000
				-0.44800000 -0.34500000 0.36400000 / 0.00000000 0.00000000 1.00000000 / 255 255 255 255 / 0.03735352 0.14843750 / 1.00000000 0.00000000 0.00000000 -1.00000000
				-0.44800000 -0.34500000 0.32400000 / 0.00000000 0.00000000 -1.00000000 / 255 255 255 255 / 0.03735352 0.15625000 / 1.00000000 0.00000000 0.00000000 -1.00000000
				-0.38000000 -0.34500000 0.32400000 / 0.00000000 0.00000000 -1.00000000 / 255 255 255 255 / 0.05395508 0.15625000 / 1.00000000 0.00000000 0.00000000 -1.00000000
				-0.38000000 -0.35000000 0.32400000 / 0.00000000 0.00000000 -1.00000000 / 255 255 255 255 / 0.05395508 0.15625000 / 1.00000000 0.00000000 0.00000000 -1.00000000
				-0.44800000 -0.35000000 0.32400000 / 0.00000000 0.00000000 -1.00000000 / 255 255 255 255 / 0.03735352 0.15625000 / 1.00000000 0.00000000 0.00000000 -1.00000000
				-0.47150000 -0.31200000 0.38400000 / 0.00000000 -1.00000000 0.00000000 / 255 255 255 255 / 0.03161621 0.14257810 / 1.00000000 0.00000000 0.00000000 1.00000000
				-0.35850000 -0.31200000 0.38400000 / 0.00000000 -1.00000000 0.00000000 / 255 255 255 255 / 0.05920410 0.14257810 / 1.00000000 0.00000000 0.00000000 1.00000000
				-0.35850000 -0.31200000 0.59500000 / 0.00000000 -1.00000000 0.00000000 / 255 255 255 255 / 0.05920410 0.09106445 / 1.00000000 0.00000000 0.00000000 1.00000000
				-0.47150000 -0.31200000 0.59500000 / 0.00000000 -1.00000000 0.00000000 / 255 255 255 255 / 0.03161621 0.09106445 / 1.00000000 0.00000000 0.00000000 1.00000000
				-0.35850000 -0.30000000 0.38400000 / 1.00000000 0.00000000 0.00000000 / 255 255 255 255 / 0.05822754 0.14257810 / 1.00000000 0.00000000 0.00000000 -1.00000000
				-0.35850000 -0.30000000 0.59500000 / 1.00000000 0.00000000 0.00000000 / 255 255 255 255 / 0.05822754 0.09106445 / 1.00000000 0.00000000 0.00000000 -1.00000000
				-0.35850000 -0.31200000 0.59500000 / 1.00000000 0.00000000 0.00000000 / 255 255 255 255 / 0.05822754 0.09106445 / 1.00000000 0.00000000 0.00000000 -1.00000000
				-0.35850000 -0.31200000 0.38400000 / 1.00000000 0.00000000 0.00000000 / 255 255 255 255 / 0.05822754 0.14257810 / 1.00000000 0.00000000 0.00000000 -1.00000000
				-0.47150000 -0.31200000 0.38400000 / -1.00000000 0.00000000 0.00000000 / 255 255 255 255 / 0.03259278 0.14257810 / 1.00000000 0.00000000 0.00000000 -1.00000000
				-0.47150000 -0.31200000 0.59500000 / -1.00000000 0.00000000 0.00000000 / 255 255 255 255 / 0.03259278 0.09106445 / 1.00000000 0.00000000 0.00000000 -1.00000000
				-0.47150000 -0.30000000 0.59500000 / -1.00000000 0.00000000 0.00000000 / 255 255 255 255 / 0.03259278 0.09106445 / 1.00000000 0.00000000 0.00000000 -1.00000000
				-0.47150000 -0.30000000 0.38400000 / -1.00000000 0.00000000 0.00000000 / 255 255 255 255 / 0.03259278 0.14257810 / 1.00000000 0.00000000 0.00000000 -1.00000000
				-0.47150000 -0.31200000 0.59500000 / 0.00000000 0.00000000 0.99999990 / 255 255 255 255 / 0.03161621 0.09204102 / 1.00000000 0.00000000 0.00000000 -1.00000000
				-0.35850000 -0.31200000 0.59500000 / 0.00000000 0.00000000 0.99999990 / 255 255 255 255 / 0.05920410 0.09204102 / 1.00000000 0.00000000 0.00000000 -1.00000000
				-0.35850000 -0.30000000 0.59500000 / 0.00000000 0.00000000 0.99999990 / 255 255 255 255 / 0.05920410 0.09204102 / 1.00000000 0.00000000 0.00000000 -1.00000000
				-0.47150000 -0.30000000 0.59500000 / 0.00000000 0.00000000 1.00000000 / 255 255 255 255 / 0.03161621 0.09204102 / 1.00000000 0.00000000 0.00000000 -1.00000000
				-0.47150000 -0.30000000 0.38400000 / 0.00000000 0.00000000 -1.00000000 / 255 255 255 255 / 0.03161621 0.14160160 / 1.00000000 0.00000000 0.00000000 -1.00000000
				-0.35850000 -0.30000000 0.38400000 / 0.00000000 0.00000000 -1.00000000 / 255 255 255 255 / 0.05920410 0.14160160 / 1.00000000 0.00000000 0.00000000 -1.00000000
				-0.35850000 -0.31200000 0.38400000 / 0.00000000 0.00000000 -1.00000000 / 255 255 255 255 / 0.05920410 0.14160160 / 1.00000000 0.00000000 0.00000000 -1.00000000
				-0.47150000 -0.31200000 0.38400000 / 0.00000000 0.00000000 -0.99999990 / 255 255 255 255 / 0.03161621 0.14160160 / 1.00000000 0.00000000 0.00000000 -1.00000000
				-0.31300000 -0.35000000 0.32400000 / 0.00000000 -1.00000000 0.00000000 / 255 255 255 255 / 0.07031250 0.15722660 / 0.99999990 0.00000000 0.00000000 1.00000000
				-0.24500000 -0.35000000 0.32400000 / 0.00000000 -1.00000000 0.00000000 / 255 255 255 255 / 0.08691406 0.15722660 / 1.00000000 0.00000000 0.00000000 1.00000000
				-0.24500000 -0.35000000 0.36400000 / 0.00000000 -1.00000000 0.00000000 / 255 255 255 255 / 0.08691406 0.14746090 / 0.99999990 0.00000000 0.00000000 1.00000000
				-0.31300000 -0.35000000 0.36400000 / 0.00000000 -1.00000000 0.00000000 / 255 255 255 255 / 0.07031250 0.14746090 / 1.00000000 0.00000000 0.00000000 1.00000000
				-0.24500000 -0.34500000 0.32400000 / 0.99999990 0.00000000 0.00000000 / 255 255 255 255 / 0.08593750 0.15722660 / 1.00000000 0.00000000 0.00000000 -1.00000000
				-0.24500000 -0.34500000 0.36400000 / 0.99999990 0.00000000 0.00000000 / 255 255 255 255 / 0.08593750 0.14746090 / 1.00000000 0.00000000 0.00000000 -1.00000000
				-0.24500000 -0.35000000 0.36400000 / 0.99999990 0.00000000 0.00000000 / 255 255 255 255 / 0.08593750 0.14746090 / 1.00000000 0.00000000 0.00000000 -1.00000000
				-0.24500000 -0.35000000 0.32400000 / 0.99999990 0.00000000 0.00000000 / 255 255 255 255 / 0.08593750 0.15722660 / 1.00000000 0.00000000 0.00000000 -1.00000000
				-0.31300000 -0.35000000 0.32400000 / -0.99999990 0.00000000 0.00000000 / 255 255 255 255 / 0.07128906 0.15722660 / 1.00000000 0.00000000 0.00000000 -1.00000000
				-0.31300000 -0.35000000 0.36400000 / -0.99999990 0.00000000 0.00000000 / 255 255 255 255 / 0.07128906 0.14746090 / 1.00000000 0.00000000 0.00000000 -1.00000000
				-0.31300000 -0.34500000 0.36400000 / -0.99999990 0.00000000 0.00000000 / 255 255 255 255 / 0.07128906 0.14746090 / 1.00000000 0.00000000 0.00000000 -1.00000000
				-0.31300000 -0.34500000 0.32400000 / -0.99999990 0.00000000 0.00000000 / 255 255 255 255 / 0.07128906 0.15722660 / 1.00000000 0.00000000 0.00000000 -1.00000000
				-0.31300000 -0.35000000 0.36400000 / 0.00000000 0.00000000 1.00000000 / 255 255 255 255 / 0.07031250 0.14843750 / 1.00000000 0.00000000 0.00000000 -1.00000000
				-0.24500000 -0.35000000 0.36400000 / 0.00000000 0.00000000 1.00000000 / 255 255 255 255 / 0.08691406 0.14843750 / 1.00000000 0.00000000 0.00000000 -1.00000000
				-0.24500000 -0.34500000 0.36400000 / 0.00000000 0.00000000 1.00000000 / 255 255 255 255 / 0.08691406 0.14843750 / 1.00000000 0.00000000 0.00000000 -1.00000000
				-0.31300000 -0.34500000 0.36400000 / 0.00000000 0.00000000 1.00000000 / 255 255 255 255 / 0.07031250 0.14843750 / 1.00000000 0.00000000 0.00000000 -1.00000000
				-0.31300000 -0.34500000 0.32400000 / 0.00000000 0.00000000 -1.00000000 / 255 255 255 255 / 0.07031250 0.15625000 / 1.00000000 0.00000000 0.00000000 -1.00000000
				-0.24500000 -0.34500000 0.32400000 / 0.00000000 0.00000000 -1.00000000 / 255 255 255 255 / 0.08691406 0.15625000 / 1.00000000 0.00000000 0.00000000 -1.00000000
				-0.24500000 -0.35000000 0.32400000 / 0.00000000 0.00000000 -1.00000000 / 255 255 255 255 / 0.08691406 0.15625000 / 1.00000000 0.00000000 0.00000000 -1.00000000
				-0.31300000 -0.35000000 0.32400000 / 0.00000000 0.00000000 -1.00000000 / 255 255 255 255 / 0.07031250 0.15625000 / 1.00000000 0.00000000 0.00000000 -1.00000000
				-0.33650000 -0.31200000 0.38400000 / 0.00000000 -1.00000000 0.00000000 / 255 255 255 255 / 0.06457520 0.14257810 / 1.00000000 0.00000000 0.00000000 1.00000000
				-0.22550000 -0.31200000 0.38400000 / 0.00000000 -1.00000000 0.00000000 / 255 255 255 255 / 0.09167481 0.14257810 / 1.00000000 0.00000000 0.00000000 1.00000000
				-0.22550000 -0.31200000 0.59100000 / 0.00000000 -1.00000000 0.00000000 / 255 255 255 255 / 0.09167481 0.09204102 / 1.00000000 0.00000000 0.00000000 1.00000000
				-0.33650000 -0.31200000 0.59100000 / 0.00000000 -1.00000000 0.00000000 / 255 255 255 255 / 0.06457520 0.09204102 / 1.00000000 0.00000000 0.00000000 1.00000000
				-0.22550000 -0.30000000 0.38400000 / 1.00000000 0.00000000 0.00000000 / 255 255 255 255 / 0.09069824 0.14257810 / 1.00000000 0.00000000 0.00000000 -1.00000000
				-0.22550000 -0.30000000 0.59100000 / 1.00000000 0.00000000 0.00000000 / 255 255 255 255 / 0.09069824 0.09204102 / 1.00000000 0.00000000 0.00000000 -1.00000000
				-0.22550000 -0.31200000 0.59100000 / 1.00000000 0.00000000 0.00000000 / 255 255 255 255 / 0.09069824 0.09204102 / 1.00000000 0.00000000 0.00000000 -1.00000000
				-0.22550000 -0.31200000 0.38400000 / 1.00000000 0.00000000 0.00000000 / 255 255 255 255 / 0.09069824 0.14257810 / 1.00000000 0.00000000 0.00000000 -1.00000000
				-0.33650000 -0.31200000 0.38400000 / -1.00000000 0.00000000 0.00000000 / 255 255 255 255 / 0.06555176 0.14257810 / 1.00000000 0.00000000 0.00000000 -1.00000000
				-0.33650000 -0.31200000 0.59100000 / -1.00000000 0.00000000 0.00000000 / 255 255 255 255 / 0.06555176 0.09204102 / 1.00000000 0.00000000 0.00000000 -1.00000000
				-0.33650000 -0.30000000 0.59100000 / -1.00000000 0.00000000 0.00000000 / 255 255 255 255 / 0.06555176 0.09204102 / 1.00000000 0.00000000 0.00000000 -1.00000000
				-0.33650000 -0.30000000 0.38400000 / -1.00000000 0.00000000 0.00000000 / 255 255 255 255 / 0.06555176 0.14257810 / 1.00000000 0.00000000 0.00000000 -1.00000000
				-0.33650000 -0.31200000 0.59100000 / 0.00000000 0.00000000 0.99999990 / 255 255 255 255 / 0.06457520 0.09301758 / 1.00000000 0.00000000 0.00000000 -1.00000000
				-0.22550000 -0.31200000 0.59100000 / 0.00000000 0.00000000 0.99999990 / 255 255 255 255 / 0.09167481 0.09301758 / 1.00000000 0.00000000 0.00000000 -1.00000000
				-0.22550000 -0.30000000 0.59100000 / 0.00000000 0.00000000 0.99999990 / 255 255 255 255 / 0.09167481 0.09301758 / 1.00000000 0.00000000 0.00000000 -1.00000000
				-0.33650000 -0.30000000 0.59100000 / 0.00000000 0.00000000 1.00000000 / 255 255 255 255 / 0.06457520 0.09301758 / 1.00000000 0.00000000 0.00000000 -1.00000000
				-0.33650000 -0.30000000 0.38400000 / 0.00000000 0.00000000 -1.00000000 / 255 255 255 255 / 0.06457520 0.14160160 / 1.00000000 0.00000000 0.00000000 -1.00000000
				-0.22550000 -0.30000000 0.38400000 / 0.00000000 0.00000000 -1.00000000 / 255 255 255 255 / 0.09167481 0.14160160 / 1.00000000 0.00000000 0.00000000 -1.00000000
				-0.22550000 -0.31200000 0.38400000 / 0.00000000 0.00000000 -1.00000000 / 255 255 255 255 / 0.09167481 0.14160160 / 1.00000000 0.00000000 0.00000000 -1.00000000
				-0.33650000 -0.31200000 0.38400000 / 0.00000000 0.00000000 -0.99999990 / 255 255 255 255 / 0.06457520 0.14160160 / 1.00000000 0.00000000 0.00000000 -1.00000000
				-0.18000000 -0.35000000 0.32400000 / 0.00000000 -1.00000000 0.00000000 / 255 255 255 255 / 0.10278320 0.15722660 / 1.00000000 0.00000000 0.00000000 1.00000000
				-0.11000000 -0.35000000 0.32400000 / 0.00000000 -1.00000000 0.00000000 / 255 255 255 255 / 0.11987300 0.15722660 / 1.00000000 0.00000000 0.00000000 1.00000000
				-0.11000000 -0.35000000 0.36400000 / 0.00000000 -1.00000000 0.00000000 / 255 255 255 255 / 0.11987300 0.14746090 / 1.00000000 0.00000000 0.00000000 1.00000000
				-0.18000000 -0.35000000 0.36400000 / 0.00000000 -1.00000000 0.00000000 / 255 255 255 255 / 0.10278320 0.14746090 / 1.00000000 0.00000000 0.00000000 1.00000000
				-0.11000000 -0.34500000 0.32400000 / 0.99999990 0.00000000 0.00000000 / 255 255 255 255 / 0.11889650 0.15722660 / 1.00000000 0.00000000 0.00000000 -1.00000000
				-0.11000000 -0.34500000 0.36400000 / 0.99999990 0.00000000 0.00000000 / 255 255 255 255 / 0.11889650 0.14746090 / 1.00000000 0.00000000 0.00000000 -1.00000000
				-0.11000000 -0.35000000 0.36400000 / 0.99999990 0.00000000 0.00000000 / 255 255 255 255 / 0.11889650 0.14746090 / 1.00000000 0.00000000 0.00000000 -1.00000000
				-0.11000000 -0.35000000 0.32400000 / 0.99999990 0.00000000 0.00000000 / 255 255 255 255 / 0.11889650 0.15722660 / 1.00000000 0.00000000 0.00000000 -1.00000000
				-0.18000000 -0.35000000 0.32400000 / -0.99999990 0.00000000 0.00000000 / 255 255 255 255 / 0.10375980 0.15722660 / 1.00000000 0.00000000 0.00000000 -1.00000000
				-0.18000000 -0.35000000 0.36400000 / -0.99999990 0.00000000 0.00000000 / 255 255 255 255 / 0.10375980 0.14746090 / 1.00000000 0.00000000 0.00000000 -1.00000000
				-0.18000000 -0.34500000 0.36400000 / -0.99999990 0.00000000 0.00000000 / 255 255 255 255 / 0.10375980 0.14746090 / 1.00000000 0.00000000 0.00000000 -1.00000000
				-0.18000000 -0.34500000 0.32400000 / -0.99999990 0.00000000 0.00000000 / 255 255 255 255 / 0.10375980 0.15722660 / 1.00000000 0.00000000 0.00000000 -1.00000000
				-0.18000000 -0.35000000 0.36400000 / 0.00000000 0.00000000 1.00000000 / 255 255 255 255 / 0.10278320 0.14843750 / 1.00000000 0.00000000 0.00000000 -1.00000000
				-0.11000000 -0.35000000 0.36400000 / 0.00000000 0.00000000 1.00000000 / 255 255 255 255 / 0.11987300 0.14843750 / 1.00000000 0.00000000 0.00000000 -1.00000000
				-0.11000000 -0.34500000 0.36400000 / 0.00000000 0.00000000 1.00000000 / 255 255 255 255 / 0.11987300 0.14843750 / 1.00000000 0.00000000 0.00000000 -1.00000000
				-0.18000000 -0.34500000 0.36400000 / 0.00000000 0.00000000 1.00000000 / 255 255 255 255 / 0.10278320 0.14843750 / 1.00000000 0.00000000 0.00000000 -1.00000000
				-0.18000000 -0.34500000 0.32400000 / 0.00000000 0.00000000 -1.00000000 / 255 255 255 255 / 0.10278320 0.15625000 / 1.00000000 0.00000000 0.00000000 -1.00000000
				-0.11000000 -0.34500000 0.32400000 / 0.00000000 0.00000000 -1.00000000 / 255 255 255 255 / 0.11987300 0.15625000 / 1.00000000 0.00000000 0.00000000 -1.00000000
				-0.11000000 -0.35000000 0.32400000 / 0.00000000 0.00000000 -1.00000000 / 255 255 255 255 / 0.11987300 0.15625000 / 1.00000000 0.00000000 0.00000000 -1.00000000
				-0.18000000 -0.35000000 0.32400000 / 0.00000000 0.00000000 -1.00000000 / 255 255 255 255 / 0.10278320 0.15625000 / 1.00000000 0.00000000 0.00000000 -1.00000000
				-0.20450000 -0.31200000 0.38400000 / 0.00000000 -1.00000000 0.00000000 / 255 255 255 255 / 0.09680176 0.14257810 / 1.00000000 0.00000000 0.00000000 1.00000000
				-0.09550000 -0.31200000 0.38400000 / 0.00000000 -1.00000000 0.00000000 / 255 255 255 255 / 0.12341310 0.14257810 / 1.00000000 0.00000000 0.00000000 1.00000000
				-0.09550000 -0.31200000 0.58800000 / 0.00000000 -1.00000000 0.00000000 / 255 255 255 255 / 0.12341310 0.09277344 / 1.00000000 0.00000000 0.00000000 1.00000000
				-0.20450000 -0.31200000 0.58800000 / 0.00000000 -1.00000000 0.00000000 / 255 255 255 255 / 0.09680176 0.09277344 / 1.00000000 0.00000000 0.00000000 1.00000000
				-0.09550000 -0.30000000 0.38400000 / 1.00000000 0.00000000 0.00000000 / 255 255 255 255 / 0.12243650 0.14257810 / 1.00000000 0.00000000 0.00000000 -1.00000000
				-0.09550000 -0.30000000 0.58800000 / 1.00000000 0.00000000 0.00000000 / 255 255 255 255 / 0.12243650 0.09277344 / 1.00000000 0.00000000 0.00000000 -1.00000000
				-0.09550000 -0.31200000 0.58800000 / 1.00000000 0.00000000 0.00000000 / 255 255 255 255 / 0.12243650 0.09277344 / 1.00000000 0.00000000 0.00000000 -1.00000000
				-0.09550000 -0.31200000 0.38400000 / 1.00000000 0.00000000 0.00000000 / 255 255 255 255 / 0.12243650 0.14257810 / 1.00000000 0.00000000 0.00000000 -1.00000000
				-0.20450000 -0.31200000 0.38400000 / -1.00000000 0.00000000 0.00000000 / 255 255 255 255 / 0.09777832 0.14257810 / 1.00000000 0.00000000 0.00000000 -1.00000000
				-0.20450000 -0.31200000 0.58800000 / -1.00000000 0.00000000 0.00000000 / 255 255 255 255 / 0.09777832 0.09277344 / 1.00000000 0.00000000 0.00000000 -1.00000000
				-0.20450000 -0.30000000 0.58800000 / -1.00000000 0.00000000 0.00000000 / 255 255 255 255 / 0.09777832 0.09277344 / 1.00000000 0.00000000 0.00000000 -1.00000000
				-0.20450000 -0.30000000 0.38400000 / -1.00000000 0.00000000 0.00000000 / 255 255 255 255 / 0.09777832 0.14257810 / 1.00000000 0.00000000 0.00000000 -1.00000000
				-0.20450000 -0.31200000 0.58800000 / 0.00000000 0.00000000 0.99999990 / 255 255 255 255 / 0.09680176 0.09375000 / 1.00000000 0.00000000 0.00000000 -1.00000000
				-0.09550000 -0.31200000 0.58800000 / 0.00000000 0.00000000 0.99999990 / 255 255 255 255 / 0.12341310 0.09375000 / 1.00000000 0.00000000 0.00000000 -1.00000000
				-0.09550000 -0.30000000 0.58800000 / 0.00000000 0.00000000 0.99999990 / 255 255 255 255 / 0.12341310 0.09375000 / 1.00000000 0.00000000 0.00000000 -1.00000000
				-0.20450000 -0.30000000 0.58800000 / 0.00000000 0.00000000 1.00000000 / 255 255 255 255 / 0.09680176 0.09375000 / 1.00000000 0.00000000 0.00000000 -1.00000000
				-0.20450000 -0.30000000 0.38400000 / 0.00000000 0.00000000 -1.00000000 / 255 255 255 255 / 0.09680176 0.14160160 / 1.00000000 0.00000000 0.00000000 -1.00000000
				-0.09550000 -0.30000000 0.38400000 / 0.00000000 0.00000000 -1.00000000 / 255 255 255 255 / 0.12341310 0.14160160 / 1.00000000 0.00000000 0.00000000 -1.00000000
				-0.09550000 -0.31200000 0.38400000 / 0.00000000 0.00000000 -1.00000000 / 255 255 255 255 / 0.12341310 0.14160160 / 1.00000000 0.00000000 0.00000000 -1.00000000
				-0.20450000 -0.31200000 0.38400000 / 0.00000000 0.00000000 -0.99999990 / 255 255 255 255 / 0.09680176 0.14160160 / 1.00000000 0.00000000 0.00000000 -1.00000000
				-0.04800000 -0.35000000 0.32400000 / 0.00000000 -1.00000000 0.00000000 / 255 255 255 255 / 0.13500980 0.15722660 / 1.00000000 0.00000000 0.00000000 1.00000000
				0.02200000 -0.35000000 0.32400000 / 0.00000000 -1.00000000 0.00000000 / 255 255 255 255 / 0.15209960 0.15722660 / 1.00000000 0.00000000 0.00000000 1.00000000
				0.02200000 -0.35000000 0.36400000 / 0.00000000 -1.00000000 0.00000000 / 255 255 255 255 / 0.15209960 0.14746090 / 1.00000000 0.00000000 0.00000000 1.00000000
				-0.04800000 -0.35000000 0.36400000 / 0.00000000 -1.00000000 0.00000000 / 255 255 255 255 / 0.13500980 0.14746090 / 1.00000000 0.00000000 0.00000000 1.00000000
				0.02200000 -0.34500000 0.32400000 / 0.99999990 0.00000000 0.00000000 / 255 255 255 255 / 0.15112300 0.15722660 / 1.00000000 0.00000000 0.00000000 -1.00000000
				0.02200000 -0.34500000 0.36400000 / 0.99999990 0.00000000 0.00000000 / 255 255 255 255 / 0.15112300 0.14746090 / 1.00000000 0.00000000 0.00000000 -1.00000000
				0.02200000 -0.35000000 0.36400000 / 0.99999990 0.00000000 0.00000000 / 255 255 255 255 / 0.15112300 0.14746090 / 1.00000000 0.00000000 0.00000000 -1.00000000
				0.02200000 -0.35000000 0.32400000 / 0.99999990 0.00000000 0.00000000 / 255 255 255 255 / 0.15112300 0.15722660 / 1.00000000 0.00000000 0.00000000 -1.00000000
				-0.04800000 -0.35000000 0.32400000 / -0.99999990 0.00000000 0.00000000 / 255 255 255 255 / 0.13598630 0.15722660 / 1.00000000 0.00000000 0.00000000 -1.00000000
				-0.04800000 -0.35000000 0.36400000 / -0.99999990 0.00000000 0.00000000 / 255 255 255 255 / 0.13598630 0.14746090 / 1.00000000 0.00000000 0.00000000 -1.00000000
				-0.04800000 -0.34500000 0.36400000 / -0.99999990 0.00000000 0.00000000 / 255 255 255 255 / 0.13598630 0.14746090 / 1.00000000 0.00000000 0.00000000 -1.00000000
				-0.04800000 -0.34500000 0.32400000 / -0.99999990 0.00000000 0.00000000 / 255 255 255 255 / 0.13598630 0.15722660 / 1.00000000 0.00000000 0.00000000 -1.00000000
				-0.04800000 -0.35000000 0.36400000 / 0.00000000 0.00000000 1.00000000 / 255 255 255 255 / 0.13500980 0.14843750 / 1.00000000 0.00000000 0.00000000 -1.00000000
				0.02200000 -0.35000000 0.36400000 / 0.00000000 0.00000000 1.00000000 / 255 255 255 255 / 0.15209960 0.14843750 / 1.00000000 0.00000000 0.00000000 -1.00000000
				0.02200000 -0.34500000 0.36400000 / 0.00000000 0.00000000 1.00000000 / 255 255 255 255 / 0.15209960 0.14843750 / 1.00000000 0.00000000 0.00000000 -1.00000000
				-0.04800000 -0.34500000 0.36400000 / 0.00000000 0.00000000 1.00000000 / 255 255 255 255 / 0.13500980 0.14843750 / 1.00000000 0.00000000 0.00000000 -1.00000000
				-0.04800000 -0.34500000 0.32400000 / 0.00000000 0.00000000 -1.00000000 / 255 255 255 255 / 0.13500980 0.15625000 / 1.00000000 0.00000000 0.00000000 -1.00000000
				0.02200000 -0.34500000 0.32400000 / 0.00000000 0.00000000 -1.00000000 / 255 255 255 255 / 0.15209960 0.15625000 / 1.00000000 0.00000000 0.00000000 -1.00000000
				0.02200000 -0.35000000 0.32400000 / 0.00000000 0.00000000 -1.00000000 / 255 255 255 255 / 0.15209960 0.15625000 / 1.00000000 0.00000000 0.00000000 -1.00000000
				-0.04800000 -0.35000000 0.32400000 / 0.00000000 0.00000000 -1.00000000 / 255 255 255 255 / 0.13500980 0.15625000 / 1.00000000 0.00000000 0.00000000 -1.00000000
				-0.07150000 -0.31200000 0.38400000 / 0.00000000 -1.00000000 0.00000000 / 255 255 255 255 / 0.12927250 0.14257810 / 1.00000000 0.00000000 0.00000000 1.00000000
				0.03650000 -0.31200000 0.38400000 / 0.00000000 -1.00000000 0.00000000 / 255 255 255 255 / 0.15563970 0.14257810 / 1.00000000 0.00000000 0.00000000 1.00000000
				0.03650000 -0.31200000 0.58600000 / 0.00000000 -1.00000000 0.00000000 / 255 255 255 255 / 0.15563970 0.09326172 / 1.00000000 0.00000000 0.00000000 1.00000000
				-0.07150000 -0.31200000 0.58600000 / 0.00000000 -1.00000000 0.00000000 / 255 255 255 255 / 0.12927250 0.09326172 / 1.00000000 0.00000000 0.00000000 1.00000000
				0.03650000 -0.30000000 0.38400000 / 1.00000000 0.00000000 0.00000000 / 255 255 255 255 / 0.15466310 0.14257810 / 1.00000000 0.00000000 0.00000000 -1.00000000
				0.03650000 -0.30000000 0.58600000 / 1.00000000 0.00000000 0.00000000 / 255 255 255 255 / 0.15466310 0.09326172 / 1.00000000 0.00000000 0.00000000 -1.00000000
				0.03650000 -0.31200000 0.58600000 / 1.00000000 0.00000000 0.00000000 / 255 255 255 255 / 0.15466310 0.09326172 / 1.00000000 0.00000000 0.00000000 -1.00000000
				0.03650000 -0.31200000 0.38400000 / 1.00000000 0.00000000 0.00000000 / 255 255 255 255 / 0.15466310 0.14257810 / 1.00000000 0.00000000 0.00000000 -1.00000000
				-0.07150000 -0.31200000 0.38400000 / -1.00000000 0.00000000 0.00000000 / 255 255 255 255 / 0.13024900 0.14257810 / 1.00000000 0.00000000 0.00000000 -1.00000000
				-0.07150000 -0.31200000 0.58600000 / -1.00000000 0.00000000 0.00000000 / 255 255 255 255 / 0.13024900 0.09326172 / 1.00000000 0.00000000 0.00000000 -1.00000000
				-0.07150000 -0.30000000 0.58600000 / -1.00000000 0.00000000 0.00000000 / 255 255 255 255 / 0.13024900 0.09326172 / 1.00000000 0.00000000 0.00000000 -1.00000000
				-0.07150000 -0.30000000 0.38400000 / -1.00000000 0.00000000 0.00000000 / 255 255 255 255 / 0.13024900 0.14257810 / 1.00000000 0.00000000 0.00000000 -1.00000000
				-0.07150000 -0.31200000 0.58600000 / 0.00000000 0.00000000 0.99999990 / 255 255 255 255 / 0.12927250 0.09423828 / 1.00000000 0.00000000 0.00000000 -1.00000000
				0.03650000 -0.31200000 0.58600000 / 0.00000000 0.00000000 0.99999990 / 255 255 255 255 / 0.15563970 0.09423828 / 1.00000000 0.00000000 0.00000000 -1.00000000
				0.03650000 -0.30000000 0.58600000 / 0.00000000 0.00000000 0.99999990 / 255 255 255 255 / 0.15563970 0.09423828 / 1.00000000 0.00000000 0.00000000 -1.00000000
				-0.07150000 -0.30000000 0.58600000 / 0.00000000 0.00000000 1.00000000 / 255 255 255 255 / 0.12927250 0.09423828 / 1.00000000 0.00000000 0.00000000 -1.00000000
				-0.07150000 -0.30000000 0.38400000 / 0.00000000 0.00000000 -1.00000000 / 255 255 255 255 / 0.12927250 0.14160160 / 1.00000000 0.00000000 0.00000000 -1.00000000
				0.03650000 -0.30000000 0.38400000 / 0.00000000 0.00000000 -1.00000000 / 255 255 255 255 / 0.15563970 0.14160160 / 1.00000000 0.00000000 0.00000000 -1.00000000
				0.03650000 -0.31200000 0.38400000 / 0.00000000 0.00000000 -1.00000000 / 255 255 255 255 / 0.15563970 0.14160160 / 1.00000000 0.00000000 0.00000000 -1.00000000
				-0.07150000 -0.31200000 0.38400000 / 0.00000000 0.00000000 -0.99999990 / 255 255 255 255 / 0.12927250 0.14160160 / 1.00000000 0.00000000 0.00000000 -1.00000000
				0.07700000 -0.35000000 0.32400000 / 0.00000000 -1.00000000 0.00000000 / 255 255 255 255 / 0.16552730 0.15722660 / 1.00000000 0.00000000 0.00000000 1.00000000
				0.15000000 -0.35000000 0.32400000 / 0.00000000 -1.00000000 0.00000000 / 255 255 255 255 / 0.18334960 0.15722660 / 1.00000000 0.00000000 0.00000000 1.00000000
				0.15000000 -0.35000000 0.36400000 / 0.00000000 -1.00000000 0.00000000 / 255 255 255 255 / 0.18334960 0.14746090 / 1.00000000 0.00000000 0.00000000 1.00000000
				0.07700000 -0.35000000 0.36400000 / 0.00000000 -1.00000000 0.00000000 / 255 255 255 255 / 0.16552730 0.14746090 / 1.00000000 0.00000000 0.00000000 1.00000000
				0.15000000 -0.34500000 0.32400000 / 0.99999990 0.00000000 0.00000000 / 255 255 255 255 / 0.18237300 0.15722660 / 1.00000000 0.00000000 0.00000000 -1.00000000
				0.15000000 -0.34500000 0.36400000 / 0.99999990 0.00000000 0.00000000 / 255 255 255 255 / 0.18237300 0.14746090 / 1.00000000 0.00000000 0.00000000 -1.00000000
				0.15000000 -0.35000000 0.36400000 / 0.99999990 0.00000000 0.00000000 / 255 255 255 255 / 0.18237300 0.14746090 / 1.00000000 0.00000000 0.00000000 -1.00000000
				0.15000000 -0.35000000 0.32400000 / 0.99999990 0.00000000 0.00000000 / 255 255 255 255 / 0.18237300 0.15722660 / 1.00000000 0.00000000 0.00000000 -1.00000000
				0.07700000 -0.35000000 0.32400000 / -0.99999990 0.00000000 0.00000000 / 255 255 255 255 / 0.16650390 0.15722660 / 1.00000000 0.00000000 0.00000000 -1.00000000
				0.07700000 -0.35000000 0.36400000 / -0.99999990 0.00000000 0.00000000 / 255 255 255 255 / 0.16650390 0.14746090 / 1.00000000 0.00000000 0.00000000 -1.00000000
				0.07700000 -0.34500000 0.36400000 / -0.99999990 0.00000000 0.00000000 / 255 255 255 255 / 0.16650390 0.14746090 / 1.00000000 0.00000000 0.00000000 -1.00000000
				0.07700000 -0.34500000 0.32400000 / -0.99999990 0.00000000 0.00000000 / 255 255 255 255 / 0.16650390 0.15722660 / 1.00000000 0.00000000 0.00000000 -1.00000000
				0.07700000 -0.35000000 0.36400000 / 0.00000000 0.00000000 1.00000000 / 255 255 255 255 / 0.16552730 0.14843750 / 1.00000000 0.00000000 0.00000000 -1.00000000
				0.15000000 -0.35000000 0.36400000 / 0.00000000 0.00000000 1.00000000 / 255 255 255 255 / 0.18334960 0.14843750 / 1.00000000 0.00000000 0.00000000 -1.00000000
				0.15000000 -0.34500000 0.36400000 / 0.00000000 0.00000000 1.00000000 / 255 255 255 255 / 0.18334960 0.14843750 / 1.00000000 0.00000000 0.00000000 -1.00000000
				0.07700000 -0.34500000 0.36400000 / 0.00000000 0.00000000 1.00000000 / 255 255 255 255 / 0.16552730 0.14843750 / 1.00000000 0.00000000 0.00000000 -1.00000000
				0.07700000 -0.34500000 0.32400000 / 0.00000000 0.00000000 -1.00000000 / 255 255 255 255 / 0.16552730 0.15625000 / 1.00000000 0.00000000 0.00000000 -1.00000000
				0.15000000 -0.34500000 0.32400000 / 0.00000000 0.00000000 -1.00000000 / 255 255 255 255 / 0.18334960 0.15625000 / 1.00000000 0.00000000 0.00000000 -1.00000000
				0.15000000 -0.35000000 0.32400000 / 0.00000000 0.00000000 -1.00000000 / 255 255 255 255 / 0.18334960 0.15625000 / 1.00000000 0.00000000 0.00000000 -1.00000000
				0.07700000 -0.35000000 0.32400000 / 0.00000000 0.00000000 -1.00000000 / 255 255 255 255 / 0.16552730 0.15625000 / 1.00000000 0.00000000 0.00000000 -1.00000000
				0.05850000 -0.31200000 0.38400000 / 0.00000000 -1.00000000 0.00000000 / 255 255 255 255 / 0.16101070 0.14257810 / 1.00000000 0.00000000 0.00000000 1.00000000
				0.16350000 -0.31200000 0.38400000 / 0.00000000 -1.00000000 0.00000000 / 255 255 255 255 / 0.18664550 0.14257810 / 1.00000000 0.00000000 0.00000000 1.00000000
				0.16350000 -0.31200000 0.58000000 / 0.00000000 -1.00000000 0.00000000 / 255 255 255 255 / 0.18664550 0.09472656 / 1.00000000 0.00000000 0.00000000 1.00000000
				0.05850000 -0.31200000 0.58000000 / 0.00000000 -1.00000000 0.00000000 / 255 255 255 255 / 0.16101070 0.09472656 / 1.00000000 0.00000000 0.00000000 1.00000000
				0.16350000 -0.30000000 0.38400000 / 1.00000000 0.00000000 0.00000000 / 255 255 255 255 / 0.18566890 0.14257810 / 1.00000000 0.00000000 0.00000000 -1.00000000
				0.16350000 -0.30000000 0.58000000 / 1.00000000 0.00000000 0.00000000 / 255 255 255 255 / 0.18566890 0.09472656 / 1.00000000 0.00000000 0.00000000 -1.00000000
				0.16350000 -0.31200000 0.58000000 / 1.00000000 0.00000000 0.00000000 / 255 255 255 255 / 0.18566890 0.09472656 / 1.00000000 0.00000000 0.00000000 -1.00000000
				0.16350000 -0.31200000 0.38400000 / 1.00000000 0.00000000 0.00000000 / 255 255 255 255 / 0.18566890 0.14257810 / 1.00000000 0.00000000 0.00000000 -1.00000000
				0.05850000 -0.31200000 0.38400000 / -1.00000000 0.00000000 0.00000000 / 255 255 255 255 / 0.16198730 0.14257810 / 1.00000000 0.00000000 0.00000000 -1.00000000
				0.05850000 -0.31200000 0.58000000 / -1.00000000 0.00000000 0.00000000 / 255 255 255 255 / 0.16198730 0.09472656 / 1.00000000 0.00000000 0.00000000 -1.00000000
				0.05850000 -0.30000000 0.58000000 / -1.00000000 0.00000000 0.00000000 / 255 255 255 255 / 0.16198730 0.09472656 / 1.00000000 0.00000000 0.00000000 -1.00000000
				0.05850000 -0.30000000 0.38400000 / -1.00000000 0.00000000 0.00000000 / 255 255 255 255 / 0.16198730 0.14257810 / 1.00000000 0.00000000 0.00000000 -1.00000000
				0.05850000 -0.31200000 0.58000000 / 0.00000000 0.00000000 1.00000000 / 255 255 255 255 / 0.16101070 0.09570313 / 1.00000000 0.00000000 0.00000000 -1.00000000
				0.16350000 -0.31200000 0.58000000 / 0.00000000 0.00000000 1.00000000 / 255 255 255 255 / 0.18664550 0.09570313 / 1.00000000 0.00000000 0.00000000 -1.00000000
				0.16350000 -0.30000000 0.58000000 / 0.00000000 0.00000000 1.00000000 / 255 255 255 255 / 0.18664550 0.09570313 / 1.00000000 0.00000000 0.00000000 -1.00000000
				0.05850000 -0.30000000 0.58000000 / 0.00000000 0.00000000 1.00000000 / 255 255 255 255 / 0.16101070 0.09570313 / 1.00000000 0.00000000 0.00000000 -1.00000000
				0.05850000 -0.30000000 0.38400000 / 0.00000000 0.00000000 -1.00000000 / 255 255 255 255 / 0.16101070 0.14160160 / 1.00000000 0.00000000 0.00000000 -1.00000000
				0.16350000 -0.30000000 0.38400000 / 0.00000000 0.00000000 -1.00000000 / 255 255 255 255 / 0.18664550 0.14160160 / 1.00000000 0.00000000 0.00000000 -1.00000000
				0.16350000 -0.31200000 0.38400000 / 0.00000000 0.00000000 -1.00000000 / 255 255 255 255 / 0.18664550 0.14160160 / 1.00000000 0.00000000 0.00000000 -1.00000000
				0.05850000 -0.31200000 0.38400000 / 0.00000000 0.00000000 -1.00000000 / 255 255 255 255 / 0.16101070 0.14160160 / 1.00000000 0.00000000 0.00000000 -1.00000000
				-0.49000000 -0.33000000 0.37200000 / 0.00000000 -1.00000000 0.00000000 / 255 255 255 255 / 0.02709961 0.14550780 / 1.00000000 0.00000000 0.00000000 1.00000000
				-0.48200000 -0.33000000 0.37200000 / 0.00000000 -1.00000000 0.00000000 / 255 255 255 255 / 0.02905274 0.14550780 / 1.00000000 0.00000000 0.00000000 1.00000000
				-0.48200000 -0.33000000 0.61700000 / 0.00000000 -1.00000000 0.00000000 / 255 255 255 255 / 0.02905274 0.08569336 / 1.00000000 0.00000000 0.00000000 1.00000000
				-0.49000000 -0.33000000 0.61700000 / 0.00000000 -1.00000000 0.00000000 / 255 255 255 255 / 0.02709961 0.08569336 / 1.00000000 0.00000000 0.00000000 1.00000000
				-0.48200000 -0.30000000 0.37200000 / 1.00000000 0.00000000 0.00000000 / 255 255 255 255 / 0.02807617 0.14550780 / 1.00000000 0.00000000 0.00000000 -1.00000000
				-0.48200000 -0.30000000 0.61700000 / 1.00000000 0.00000000 0.00000000 / 255 255 255 255 / 0.02807617 0.08569336 / 1.00000000 0.00000000 0.00000000 -1.00000000
				-0.48200000 -0.33000000 0.61700000 / 1.00000000 0.00000000 0.00000000 / 255 255 255 255 / 0.02807617 0.08569336 / 1.00000000 0.00000000 0.00000000 -1.00000000
				-0.48200000 -0.33000000 0.37200000 / 0.99999990 0.00000000 0.00000000 / 255 255 255 255 / 0.02807617 0.14550780 / 1.00000000 0.00000000 0.00000000 -1.00000000
				-0.49000000 -0.33000000 0.37200000 / -1.00000000 0.00000000 0.00000000 / 255 255 255 255 / 0.02807617 0.14550780 / 1.00000000 0.00000000 0.00000000 -1.00000000
				-0.49000000 -0.33000000 0.61700000 / -1.00000000 0.00000000 0.00000000 / 255 255 255 255 / 0.02807617 0.08569336 / 1.00000000 0.00000000 0.00000000 -1.00000000
				-0.49000000 -0.30000000 0.61700000 / -1.00000000 0.00000000 0.00000000 / 255 255 255 255 / 0.02807617 0.08569336 / 1.00000000 0.00000000 0.00000000 -1.00000000
				-0.49000000 -0.30000000 0.37200000 / -0.99999990 0.00000000 0.00000000 / 255 255 255 255 / 0.02807617 0.14550780 / 1.00000000 0.00000000 0.00000000 -1.00000000
				-0.49000000 -0.33000000 0.61700000 / 0.00000000 0.00000000 0.99999990 / 255 255 255 255 / 0.02709961 0.08666992 / 1.00000000 0.00000000 0.00000000 -1.00000000
				-0.48200000 -0.33000000 0.61700000 / 0.00000000 0.00000000 0.99999990 / 255 255 255 255 / 0.02905274 0.08666992 / 1.00000000 0.00000000 0.00000000 -1.00000000
				-0.48200000 -0.30000000 0.61700000 / 0.00000000 0.00000000 0.99999990 / 255 255 255 255 / 0.02905274 0.08666992 / 1.00000000 0.00000000 0.00000000 -1.00000000
				-0.49000000 -0.30000000 0.61700000 / 0.00000000 0.00000000 1.00000000 / 255 255 255 255 / 0.02709961 0.08666992 / 1.00000000 0.00000000 0.00000000 -1.00000000
				-0.49000000 -0.30000000 0.37200000 / 0.00000000 0.00000000 -1.00000000 / 255 255 255 255 / 0.02709961 0.14453130 / 1.00000000 0.00000000 0.00000000 -1.00000000
				-0.48200000 -0.30000000 0.37200000 / 0.00000000 0.00000000 -1.00000000 / 255 255 255 255 / 0.02905274 0.14453130 / 1.00000000 0.00000000 0.00000000 -1.00000000
				-0.48200000 -0.33000000 0.37200000 / 0.00000000 0.00000000 -1.00000000 / 255 255 255 255 / 0.02905274 0.14453130 / 1.00000000 0.00000000 0.00000000 -1.00000000
				-0.49000000 -0.33000000 0.37200000 / 0.00000000 0.00000000 -0.99999990 / 255 255 255 255 / 0.02709961 0.14453130 / 1.00000000 0.00000000 0.00000000 -1.00000000
				-0.35150000 -0.33000000 0.37200000 / 0.00000000 -1.00000000 0.00000000 / 255 255 255 255 / 0.06091309 0.14550780 / 1.00000000 0.00000000 0.00000000 1.00000000
				-0.34350000 -0.33000000 0.37200000 / 0.00000000 -1.00000000 0.00000000 / 255 255 255 255 / 0.06286621 0.14550780 / 1.00000000 0.00000000 0.00000000 1.00000000
				-0.34350000 -0.33000000 0.61700000 / 0.00000000 -1.00000000 0.00000000 / 255 255 255 255 / 0.06286621 0.08569336 / 1.00000000 0.00000000 0.00000000 1.00000000
				-0.35150000 -0.33000000 0.61700000 / 0.00000000 -1.00000000 0.00000000 / 255 255 255 255 / 0.06091309 0.08569336 / 1.00000000 0.00000000 0.00000000 1.00000000
				-0.34350000 -0.30000000 0.37200000 / 1.00000000 0.00000000 0.00000000 / 255 255 255 255 / 0.06188965 0.14550780 / 1.00000000 0.00000000 0.00000000 -1.00000000
				-0.34350000 -0.30000000 0.61700000 / 1.00000000 0.00000000 0.00000000 / 255 255 255 255 / 0.06188965 0.08569336 / 1.00000000 0.00000000 0.00000000 -1.00000000
				-0.34350000 -0.33000000 0.61700000 / 1.00000000 0.00000000 0.00000000 / 255 255 255 255 / 0.06188965 0.08569336 / 1.00000000 0.00000000 0.00000000 -1.00000000
				-0.34350000 -0.33000000 0.37200000 / 0.99999990 0.00000000 0.00000000 / 255 255 255 255 / 0.06188965 0.14550780 / 1.00000000 0.00000000 0.00000000 -1.00000000
				-0.35150000 -0.33000000 0.37200000 / -1.00000000 0.00000000 0.00000000 / 255 255 255 255 / 0.06188965 0.14550780 / 1.00000000 0.00000000 0.00000000 -1.00000000
				-0.35150000 -0.33000000 0.61700000 / -1.00000000 0.00000000 0.00000000 / 255 255 255 255 / 0.06188965 0.08569336 / 1.00000000 0.00000000 0.00000000 -1.00000000
				-0.35150000 -0.30000000 0.61700000 / -1.00000000 0.00000000 0.00000000 / 255 255 255 255 / 0.06188965 0.08569336 / 1.00000000 0.00000000 0.00000000 -1.00000000
				-0.35150000 -0.30000000 0.37200000 / -0.99999990 0.00000000 0.00000000 / 255 255 255 255 / 0.06188965 0.14550780 / 1.00000000 0.00000000 0.00000000 -1.00000000
				-0.35150000 -0.33000000 0.61700000 / 0.00000000 0.00000000 0.99999990 / 255 255 255 255 / 0.06091309 0.08666992 / 1.00000000 0.00000000 0.00000000 -1.00000000
				-0.34350000 -0.33000000 0.61700000 / 0.00000000 0.00000000 0.99999990 / 255 255 255 255 / 0.06286621 0.08666992 / 1.00000000 0.00000000 0.00000000 -1.00000000
				-0.34350000 -0.30000000 0.61700000 / 0.00000000 0.00000000 0.99999990 / 255 255 255 255 / 0.06286621 0.08666992 / 1.00000000 0.00000000 0.00000000 -1.00000000
				-0.35150000 -0.30000000 0.61700000 / 0.00000000 0.00000000 1.00000000 / 255 255 255 255 / 0.06091309 0.08666992 / 1.00000000 0.00000000 0.00000000 -1.00000000
				-0.35150000 -0.30000000 0.37200000 / 0.00000000 0.00000000 -1.00000000 / 255 255 255 255 / 0.06091309 0.14453130 / 1.00000000 0.00000000 0.00000000 -1.00000000
				-0.34350000 -0.30000000 0.37200000 / 0.00000000 0.00000000 -1.00000000 / 255 255 255 255 / 0.06286621 0.14453130 / 1.00000000 0.00000000 0.00000000 -1.00000000
				-0.34350000 -0.33000000 0.37200000 / 0.00000000 0.00000000 -1.00000000 / 255 255 255 255 / 0.06286621 0.14453130 / 1.00000000 0.00000000 0.00000000 -1.00000000
				-0.35150000 -0.33000000 0.37200000 / 0.00000000 0.00000000 -0.99999990 / 255 255 255 255 / 0.06091309 0.14453130 / 1.00000000 0.00000000 0.00000000 -1.00000000
				-0.21900000 -0.33000000 0.37200000 / 0.00000000 -1.00000000 0.00000000 / 255 255 255 255 / 0.09326172 0.14550780 / 1.00000000 0.00000000 0.00000000 1.00000000
				-0.21100000 -0.33000000 0.37200000 / 0.00000000 -1.00000000 0.00000000 / 255 255 255 255 / 0.09521484 0.14550780 / 1.00000000 0.00000000 0.00000000 1.00000000
				-0.21100000 -0.33000000 0.61700000 / 0.00000000 -1.00000000 0.00000000 / 255 255 255 255 / 0.09521484 0.08569336 / 1.00000000 0.00000000 0.00000000 1.00000000
				-0.21900000 -0.33000000 0.61700000 / 0.00000000 -1.00000000 0.00000000 / 255 255 255 255 / 0.09326172 0.08569336 / 1.00000000 0.00000000 0.00000000 1.00000000
				-0.21100000 -0.30000000 0.37200000 / 1.00000000 0.00000000 0.00000000 / 255 255 255 255 / 0.09423828 0.14550780 / 1.00000000 0.00000000 0.00000000 -1.00000000
				-0.21100000 -0.30000000 0.61700000 / 1.00000000 0.00000000 0.00000000 / 255 255 255 255 / 0.09423828 0.08569336 / 1.00000000 0.00000000 0.00000000 -1.00000000
				-0.21100000 -0.33000000 0.61700000 / 1.00000000 0.00000000 0.00000000 / 255 255 255 255 / 0.09423828 0.08569336 / 1.00000000 0.00000000 0.00000000 -1.00000000
				-0.21100000 -0.33000000 0.37200000 / 0.99999990 0.00000000 0.00000000 / 255 255 255 255 / 0.09423828 0.14550780 / 1.00000000 0.00000000 0.00000000 -1.00000000
				-0.21900000 -0.33000000 0.37200000 / -1.00000000 0.00000000 0.00000000 / 255 255 255 255 / 0.09423828 0.14550780 / 1.00000000 0.00000000 0.00000000 -1.00000000
				-0.21900000 -0.33000000 0.61700000 / -1.00000000 0.00000000 0.00000000 / 255 255 255 255 / 0.09423828 0.08569336 / 1.00000000 0.00000000 0.00000000 -1.00000000
				-0.21900000 -0.30000000 0.61700000 / -1.00000000 0.00000000 0.00000000 / 255 255 255 255 / 0.09423828 0.08569336 / 1.00000000 0.00000000 0.00000000 -1.00000000
				-0.21900000 -0.30000000 0.37200000 / -0.99999990 0.00000000 0.00000000 / 255 255 255 255 / 0.09423828 0.14550780 / 1.00000000 0.00000000 0.00000000 -1.00000000
				-0.21900000 -0.33000000 0.61700000 / 0.00000000 0.00000000 1.00000000 / 255 255 255 255 / 0.09326172 0.08666992 / 1.00000000 0.00000000 0.00000000 -1.00000000
				-0.21100000 -0.33000000 0.61700000 / 0.00000000 0.00000000 1.00000000 / 255 255 255 255 / 0.09521484 0.08666992 / 1.00000000 0.00000000 0.00000000 -1.00000000
				-0.21100000 -0.30000000 0.61700000 / 0.00000000 0.00000000 1.00000000 / 255 255 255 255 / 0.09521484 0.08666992 / 1.00000000 0.00000000 0.00000000 -1.00000000
				-0.21900000 -0.30000000 0.61700000 / 0.00000000 0.00000000 1.00000000 / 255 255 255 255 / 0.09326172 0.08666992 / 1.00000000 0.00000000 0.00000000 -1.00000000
				-0.21900000 -0.30000000 0.37200000 / 0.00000000 0.00000000 -1.00000000 / 255 255 255 255 / 0.09326172 0.14453130 / 1.00000000 0.00000000 0.00000000 -1.00000000
				-0.21100000 -0.30000000 0.37200000 / 0.00000000 0.00000000 -1.00000000 / 255 255 255 255 / 0.09521484 0.14453130 / 1.00000000 0.00000000 0.00000000 -1.00000000
				-0.21100000 -0.33000000 0.37200000 / 0.00000000 0.00000000 -1.00000000 / 255 255 255 255 / 0.09521484 0.14453130 / 1.00000000 0.00000000 0.00000000 -1.00000000
				-0.21900000 -0.33000000 0.37200000 / 0.00000000 0.00000000 -1.00000000 / 255 255 255 255 / 0.09326172 0.14453130 / 1.00000000 0.00000000 0.00000000 -1.00000000
				-0.08750000 -0.33000000 0.37200000 / 0.00000000 -1.00000000 0.00000000 / 255 255 255 255 / 0.12536620 0.14550780 / 1.00000000 0.00000000 0.00000000 1.00000000
				-0.07950000 -0.33000000 0.37200000 / 0.00000000 -1.00000000 0.00000000 / 255 255 255 255 / 0.12731930 0.14550780 / 1.00000000 0.00000000 0.00000000 1.00000000
				-0.07950000 -0.33000000 0.61700000 / 0.00000000 -1.00000000 0.00000000 / 255 255 255 255 / 0.12731930 0.08569336 / 1.00000000 0.00000000 0.00000000 1.00000000
				-0.08750000 -0.33000000 0.61700000 / 0.00000000 -1.00000000 0.00000000 / 255 255 255 255 / 0.12536620 0.08569336 / 1.00000000 0.00000000 0.00000000 1.00000000
				-0.07950000 -0.30000000 0.37200000 / 1.00000000 0.00000000 0.00000000 / 255 255 255 255 / 0.12634280 0.14550780 / 1.00000000 0.00000000 0.00000000 -1.00000000
				-0.07950000 -0.30000000 0.61700000 / 1.00000000 0.00000000 0.00000000 / 255 255 255 255 / 0.12634280 0.08569336 / 1.00000000 0.00000000 0.00000000 -1.00000000
				-0.07950000 -0.33000000 0.61700000 / 1.00000000 0.00000000 0.00000000 / 255 255 255 255 / 0.12634280 0.08569336 / 1.00000000 0.00000000 0.00000000 -1.00000000
				-0.07950000 -0.33000000 0.37200000 / 0.99999990 0.00000000 0.00000000 / 255 255 255 255 / 0.12634280 0.14550780 / 1.00000000 0.00000000 0.00000000 -1.00000000
				-0.08750000 -0.33000000 0.37200000 / -1.00000000 0.00000000 0.00000000 / 255 255 255 255 / 0.12634280 0.14550780 / 1.00000000 0.00000000 0.00000000 -1.00000000
				-0.08750000 -0.33000000 0.61700000 / -1.00000000 0.00000000 0.00000000 / 255 255 255 255 / 0.12634280 0.08569336 / 1.00000000 0.00000000 0.00000000 -1.00000000
				-0.08750000 -0.30000000 0.61700000 / -1.00000000 0.00000000 0.00000000 / 255 255 255 255 / 0.12634280 0.08569336 / 1.00000000 0.00000000 0.00000000 -1.00000000
				-0.08750000 -0.30000000 0.37200000 / -0.99999990 0.00000000 0.00000000 / 255 255 255 255 / 0.12634280 0.14550780 / 1.00000000 0.00000000 0.00000000 -1.00000000
				-0.08750000 -0.33000000 0.61700000 / 0.00000000 0.00000000 1.00000000 / 255 255 255 255 / 0.12536620 0.08666992 / 1.00000000 0.00000000 0.00000000 -1.00000000
				-0.07950000 -0.33000000 0.61700000 / 0.00000000 0.00000000 1.00000000 / 255 255 255 255 / 0.12731930 0.08666992 / 1.00000000 0.00000000 0.00000000 -1.00000000
				-0.07950000 -0.30000000 0.61700000 / 0.00000000 0.00000000 1.00000000 / 255 255 255 255 / 0.12731930 0.08666992 / 1.00000000 0.00000000 0.00000000 -1.00000000
				-0.08750000 -0.30000000 0.61700000 / 0.00000000 0.00000000 1.00000000 / 255 255 255 255 / 0.12536620 0.08666992 / 1.00000000 0.00000000 0.00000000 -1.00000000
				-0.08750000 -0.30000000 0.37200000 / 0.00000000 0.00000000 -1.00000000 / 255 255 255 255 / 0.12536620 0.14453130 / 1.00000000 0.00000000 0.00000000 -1.00000000
				-0.07950000 -0.30000000 0.37200000 / 0.00000000 0.00000000 -1.00000000 / 255 255 255 255 / 0.12731930 0.14453130 / 1.00000000 0.00000000 0.00000000 -1.00000000
				-0.07950000 -0.33000000 0.37200000 / 0.00000000 0.00000000 -1.00000000 / 255 255 255 255 / 0.12731930 0.14453130 / 1.00000000 0.00000000 0.00000000 -1.00000000
				-0.08750000 -0.33000000 0.37200000 / 0.00000000 0.00000000 -1.00000000 / 255 255 255 255 / 0.12536620 0.14453130 / 1.00000000 0.00000000 0.00000000 -1.00000000
				0.04350000 -0.33000000 0.37200000 / 0.00000000 -1.00000000 0.00000000 / 255 255 255 255 / 0.15734860 0.14550780 / 1.00000000 0.00000000 0.00000000 1.00000000
				0.05150000 -0.33000000 0.37200000 / 0.00000000 -1.00000000 0.00000000 / 255 255 255 255 / 0.15930180 0.14550780 / 1.00000000 0.00000000 0.00000000 1.00000000
				0.05150000 -0.33000000 0.61700000 / 0.00000000 -1.00000000 0.00000000 / 255 255 255 255 / 0.15930180 0.08569336 / 1.00000000 0.00000000 0.00000000 1.00000000
				0.04350000 -0.33000000 0.61700000 / 0.00000000 -1.00000000 0.00000000 / 255 255 255 255 / 0.15734860 0.08569336 / 1.00000000 0.00000000 0.00000000 1.00000000
				0.05150000 -0.30000000 0.37200000 / 1.00000000 0.00000000 0.00000000 / 255 255 255 255 / 0.15832520 0.14550780 / 1.00000000 0.00000000 0.00000000 -1.00000000
				0.05150000 -0.30000000 0.61700000 / 1.00000000 0.00000000 0.00000000 / 255 255 255 255 / 0.15832520 0.08569336 / 1.00000000 0.00000000 0.00000000 -1.00000000
				0.05150000 -0.33000000 0.61700000 / 1.00000000 0.00000000 0.00000000 / 255 255 255 255 / 0.15832520 0.08569336 / 1.00000000 0.00000000 0.00000000 -1.00000000
				0.05150000 -0.33000000 0.37200000 / 0.99999990 0.00000000 0.00000000 / 255 255 255 255 / 0.15832520 0.14550780 / 1.00000000 0.00000000 0.00000000 -1.00000000
				0.04350000 -0.33000000 0.37200000 / -1.00000000 0.00000000 0.00000000 / 255 255 255 255 / 0.15832520 0.14550780 / 1.00000000 0.00000000 0.00000000 -1.00000000
				0.04350000 -0.33000000 0.61700000 / -1.00000000 0.00000000 0.00000000 / 255 255 255 255 / 0.15832520 0.08569336 / 1.00000000 0.00000000 0.00000000 -1.00000000
				0.04350000 -0.30000000 0.61700000 / -1.00000000 0.00000000 0.00000000 / 255 255 255 255 / 0.15832520 0.08569336 / 1.00000000 0.00000000 0.00000000 -1.00000000
				0.04350000 -0.30000000 0.37200000 / -0.99999990 0.00000000 0.00000000 / 255 255 255 255 / 0.15832520 0.14550780 / 1.00000000 0.00000000 0.00000000 -1.00000000
				0.04350000 -0.33000000 0.61700000 / 0.00000000 0.00000000 1.00000000 / 255 255 255 255 / 0.15734860 0.08666992 / 1.00000000 0.00000000 0.00000000 -1.00000000
				0.05150000 -0.33000000 0.61700000 / 0.00000000 0.00000000 1.00000000 / 255 255 255 255 / 0.15930180 0.08666992 / 1.00000000 0.00000000 0.00000000 -1.00000000
				0.05150000 -0.30000000 0.61700000 / 0.00000000 0.00000000 1.00000000 / 255 255 255 255 / 0.15930180 0.08666992 / 1.00000000 0.00000000 0.00000000 -1.00000000
				0.04350000 -0.30000000 0.61700000 / 0.00000000 0.00000000 1.00000000 / 255 255 255 255 / 0.15734860 0.08666992 / 1.00000000 0.00000000 0.00000000 -1.00000000
				0.04350000 -0.30000000 0.37200000 / 0.00000000 0.00000000 -1.00000000 / 255 255 255 255 / 0.15734860 0.14453130 / 1.00000000 0.00000000 0.00000000 -1.00000000
				0.05150000 -0.30000000 0.37200000 / 0.00000000 0.00000000 -1.00000000 / 255 255 255 255 / 0.15930180 0.14453130 / 1.00000000 0.00000000 0.00000000 -1.00000000
				0.05150000 -0.33000000 0.37200000 / 0.00000000 0.00000000 -1.00000000 / 255 255 255 255 / 0.15930180 0.14453130 / 1.00000000 0.00000000 0.00000000 -1.00000000
				0.04350000 -0.33000000 0.37200000 / 0.00000000 0.00000000 -1.00000000 / 255 255 255 255 / 0.15734860 0.14453130 / 1.00000000 0.00000000 0.00000000 -1.00000000
				0.17400000 -0.33000000 0.37200000 / 0.00000000 -1.00000000 0.00000000 / 255 255 255 255 / 0.18920900 0.14550780 / 1.00000000 0.00000000 0.00000000 1.00000000
				0.18200000 -0.33000000 0.37200000 / 0.00000000 -1.00000000 0.00000000 / 255 255 255 255 / 0.19116210 0.14550780 / 1.00000000 0.00000000 0.00000000 1.00000000
				0.18200000 -0.33000000 0.61700000 / 0.00000000 -1.00000000 0.00000000 / 255 255 255 255 / 0.19116210 0.08569336 / 1.00000000 0.00000000 0.00000000 1.00000000
				0.17400000 -0.33000000 0.61700000 / 0.00000000 -1.00000000 0.00000000 / 255 255 255 255 / 0.18920900 0.08569336 / 1.00000000 0.00000000 0.00000000 1.00000000
				0.18200000 -0.30000000 0.37200000 / 1.00000000 0.00000000 0.00000000 / 255 255 255 255 / 0.19018550 0.14550780 / 1.00000000 0.00000000 0.00000000 -1.00000000
				0.18200000 -0.30000000 0.61700000 / 1.00000000 0.00000000 0.00000000 / 255 255 255 255 / 0.19018550 0.08569336 / 1.00000000 0.00000000 0.00000000 -1.00000000
				0.18200000 -0.33000000 0.61700000 / 1.00000000 0.00000000 0.00000000 / 255 255 255 255 / 0.19018550 0.08569336 / 1.00000000 0.00000000 0.00000000 -1.00000000
				0.18200000 -0.33000000 0.37200000 / 0.99999990 0.00000000 0.00000000 / 255 255 255 255 / 0.19018550 0.14550780 / 1.00000000 0.00000000 0.00000000 -1.00000000
				0.17400000 -0.33000000 0.37200000 / -1.00000000 0.00000000 0.00000000 / 255 255 255 255 / 0.19018550 0.14550780 / 1.00000000 0.00000000 0.00000000 -1.00000000
				0.17400000 -0.33000000 0.61700000 / -1.00000000 0.00000000 0.00000000 / 255 255 255 255 / 0.19018550 0.08569336 / 1.00000000 0.00000000 0.00000000 -1.00000000
				0.17400000 -0.30000000 0.61700000 / -1.00000000 0.00000000 0.00000000 / 255 255 255 255 / 0.19018550 0.08569336 / 1.00000000 0.00000000 0.00000000 -1.00000000
				0.17400000 -0.30000000 0.37200000 / -0.99999990 0.00000000 0.00000000 / 255 255 255 255 / 0.19018550 0.14550780 / 1.00000000 0.00000000 0.00000000 -1.00000000
				0.17400000 -0.33000000 0.61700000 / 0.00000000 0.00000000 1.00000000 / 255 255 255 255 / 0.18920900 0.08666992 / 1.00000000 0.00000000 0.00000000 -1.00000000
				0.18200000 -0.33000000 0.61700000 / 0.00000000 0.00000000 1.00000000 / 255 255 255 255 / 0.19116210 0.08666992 / 1.00000000 0.00000000 0.00000000 -1.00000000
				0.18200000 -0.30000000 0.61700000 / 0.00000000 0.00000000 1.00000000 / 255 255 255 255 / 0.19116210 0.08666992 / 1.00000000 0.00000000 0.00000000 -1.00000000
				0.17400000 -0.30000000 0.61700000 / 0.00000000 0.00000000 1.00000000 / 255 255 255 255 / 0.18920900 0.08666992 / 1.00000000 0.00000000 0.00000000 -1.00000000
				0.17400000 -0.30000000 0.37200000 / 0.00000000 0.00000000 -1.00000000 / 255 255 255 255 / 0.18920900 0.14453130 / 1.00000000 0.00000000 0.00000000 -1.00000000
				0.18200000 -0.30000000 0.37200000 / 0.00000000 0.00000000 -1.00000000 / 255 255 255 255 / 0.19116210 0.14453130 / 1.00000000 0.00000000 0.00000000 -1.00000000
				0.18200000 -0.33000000 0.37200000 / 0.00000000 0.00000000 -1.00000000 / 255 255 255 255 / 0.19116210 0.14453130 / 1.00000000 0.00000000 0.00000000 -1.00000000
				0.17400000 -0.33000000 0.37200000 / 0.00000000 0.00000000 -1.00000000 / 255 255 255 255 / 0.18920900 0.14453130 / 1.00000000 0.00000000 0.00000000 -1.00000000
				-0.52500000 -0.34500000 -0.00200000 / 0.00000000 -1.00000000 0.00000000 / 255 255 255 255 / 0.01855469 0.23681640 / 0.99999990 0.00000000 0.00000000 1.00000000
				0.22500000 -0.34500000 -0.00200000 / 0.00000000 -1.00000000 0.00000000 / 255 255 255 255 / 0.20166020 0.23681640 / 1.00000000 0.00000000 0.00000000 1.00000000
				0.22500000 -0.34500000 0.05500000 / 0.00000000 -1.00000000 0.00000000 / 255 255 255 255 / 0.20166020 0.22290040 / 0.99999990 0.00000000 0.00000000 1.00000000
				-0.52500000 -0.34500000 0.05500000 / 0.00000000 -1.00000000 0.00000000 / 255 255 255 255 / 0.01855469 0.22290040 / 1.00000000 0.00000000 0.00000000 1.00000000
				-0.52500000 -0.34500000 0.05500000 / 0.00000000 0.00000000 1.00000000 / 255 255 255 255 / 0.01855469 0.22387700 / 1.00000000 0.00000000 0.00000000 -1.00000000
				0.22500000 -0.34500000 0.05500000 / 0.00000000 0.00000000 1.00000000 / 255 255 255 255 / 0.20166020 0.22387700 / 1.00000000 0.00000000 0.00000000 -1.00000000
				0.22500000 -0.30000000 0.05500000 / 0.00000000 0.00000000 1.00000000 / 255 255 255 255 / 0.20166020 0.22387700 / 1.00000000 0.00000000 0.00000000 -1.00000000
				-0.52500000 -0.30000000 0.05500000 / 0.00000000 0.00000000 1.00000000 / 255 255 255 255 / 0.01855469 0.22387700 / 1.00000000 0.00000000 0.00000000 -1.00000000
				-0.52500000 -0.30000000 -0.00200000 / 0.00000000 0.00000000 -1.00000000 / 255 255 255 255 / 0.01855469 0.23583980 / 1.00000000 0.00000000 0.00000000 -1.00000000
				0.22500000 -0.30000000 -0.00200000 / 0.00000000 0.00000000 -1.00000000 / 255 255 255 255 / 0.20166020 0.23583980 / 1.00000000 0.00000000 0.00000000 -1.00000000
				0.22500000 -0.34500000 -0.00200000 / 0.00000000 0.00000000 -1.00000000 / 255 255 255 255 / 0.20166020 0.23583980 / 1.00000000 0.00000000 0.00000000 -1.00000000
				-0.52500000 -0.34500000 -0.00200000 / 0.00000000 0.00000000 -1.00000000 / 255 255 255 255 / 0.01855469 0.23583980 / 1.00000000 0.00000000 0.00000000 -1.00000000
				-0.44800000 -0.35000000 0.00600000 / 0.00000000 -1.00000000 0.00000000 / 255 255 255 255 / 0.03735352 0.23486330 / 0.99999990 0.00000000 0.00000000 1.00000000
				-0.38000000 -0.35000000 0.00600000 / 0.00000000 -1.00000000 0.00000000 / 255 255 255 255 / 0.05395508 0.23486330 / 1.00000000 0.00000000 0.00000000 1.00000000
				-0.38000000 -0.35000000 0.04600000 / 0.00000000 -1.00000000 0.00000000 / 255 255 255 255 / 0.05395508 0.22509770 / 0.99999990 0.00000000 0.00000000 1.00000000
				-0.44800000 -0.35000000 0.04600000 / 0.00000000 -1.00000000 0.00000000 / 255 255 255 255 / 0.03735352 0.22509770 / 1.00000000 0.00000000 0.00000000 1.00000000
				-0.38000000 -0.34500000 0.00600000 / 1.00000000 0.00000000 0.00000000 / 255 255 255 255 / 0.05297851 0.23486330 / 1.00000000 0.00000000 0.00000000 -1.00000000
				-0.38000000 -0.34500000 0.04600000 / 1.00000000 0.00000000 0.00000000 / 255 255 255 255 / 0.05297851 0.22509770 / 1.00000000 0.00000000 0.00000000 -1.00000000
				-0.38000000 -0.35000000 0.04600000 / 1.00000000 0.00000000 0.00000000 / 255 255 255 255 / 0.05297851 0.22509770 / 1.00000000 0.00000000 0.00000000 -1.00000000
				-0.38000000 -0.35000000 0.00600000 / 1.00000000 0.00000000 0.00000000 / 255 255 255 255 / 0.05297851 0.23486330 / 1.00000000 0.00000000 0.00000000 -1.00000000
				-0.44800000 -0.35000000 0.00600000 / -1.00000000 0.00000000 0.00000000 / 255 255 255 255 / 0.03833008 0.23486330 / 1.00000000 0.00000000 0.00000000 -1.00000000
				-0.44800000 -0.35000000 0.04600000 / -1.00000000 0.00000000 0.00000000 / 255 255 255 255 / 0.03833008 0.22509770 / 1.00000000 0.00000000 0.00000000 -1.00000000
				-0.44800000 -0.34500000 0.04600000 / -1.00000000 0.00000000 0.00000000 / 255 255 255 255 / 0.03833008 0.22509770 / 1.00000000 0.00000000 0.00000000 -1.00000000
				-0.44800000 -0.34500000 0.00600000 / -1.00000000 0.00000000 0.00000000 / 255 255 255 255 / 0.03833008 0.23486330 / 1.00000000 0.00000000 0.00000000 -1.00000000
				-0.44800000 -0.35000000 0.04600000 / 0.00000000 0.00000000 1.00000000 / 255 255 255 255 / 0.03735352 0.22607420 / 1.00000000 0.00000000 0.00000000 -1.00000000
				-0.38000000 -0.35000000 0.04600000 / 0.00000000 0.00000000 1.00000000 / 255 255 255 255 / 0.05395508 0.22607420 / 1.00000000 0.00000000 0.00000000 -1.00000000
				-0.38000000 -0.34500000 0.04600000 / 0.00000000 0.00000000 1.00000000 / 255 255 255 255 / 0.05395508 0.22607420 / 1.00000000 0.00000000 0.00000000 -1.00000000
				-0.44800000 -0.34500000 0.04600000 / 0.00000000 0.00000000 1.00000000 / 255 255 255 255 / 0.03735352 0.22607420 / 1.00000000 0.00000000 0.00000000 -1.00000000
				-0.44800000 -0.34500000 0.00600000 / 0.00000000 0.00000000 -1.00000000 / 255 255 255 255 / 0.03735352 0.23388670 / 1.00000000 0.00000000 0.00000000 -1.00000000
				-0.38000000 -0.34500000 0.00600000 / 0.00000000 0.00000000 -1.00000000 / 255 255 255 255 / 0.05395508 0.23388670 / 1.00000000 0.00000000 0.00000000 -1.00000000
				-0.38000000 -0.35000000 0.00600000 / 0.00000000 0.00000000 -1.00000000 / 255 255 255 255 / 0.05395508 0.23388670 / 1.00000000 0.00000000 0.00000000 -1.00000000
				-0.44800000 -0.35000000 0.00600000 / 0.00000000 0.00000000 -1.00000000 / 255 255 255 255 / 0.03735352 0.23388670 / 1.00000000 0.00000000 0.00000000 -1.00000000
				-0.47150000 -0.31200000 0.06900000 / 0.00000000 -1.00000000 0.00000000 / 255 255 255 255 / 0.03161621 0.21948240 / 0.99999990 0.00000000 0.00000000 1.00000000
				-0.35850000 -0.31200000 0.06900000 / 0.00000000 -1.00000000 0.00000000 / 255 255 255 255 / 0.05920410 0.21948240 / 1.00000000 0.00000000 0.00000000 1.00000000
				-0.35850000 -0.31200000 0.27900000 / 0.00000000 -1.00000000 0.00000000 / 255 255 255 255 / 0.05920410 0.16821290 / 0.99999990 0.00000000 0.00000000 1.00000000
				-0.47150000 -0.31200000 0.27900000 / 0.00000000 -1.00000000 0.00000000 / 255 255 255 255 / 0.03161621 0.16821290 / 1.00000000 0.00000000 0.00000000 1.00000000
				-0.35850000 -0.30000000 0.06900000 / 1.00000000 0.00000000 0.00000000 / 255 255 255 255 / 0.05822754 0.21948240 / 1.00000000 0.00000000 0.00000000 -1.00000000
				-0.35850000 -0.30000000 0.27900000 / 1.00000000 0.00000000 0.00000000 / 255 255 255 255 / 0.05822754 0.16821290 / 1.00000000 0.00000000 0.00000000 -1.00000000
				-0.35850000 -0.31200000 0.27900000 / 1.00000000 0.00000000 0.00000000 / 255 255 255 255 / 0.05822754 0.16821290 / 1.00000000 0.00000000 0.00000000 -1.00000000
				-0.35850000 -0.31200000 0.06900000 / 1.00000000 0.00000000 0.00000000 / 255 255 255 255 / 0.05822754 0.21948240 / 1.00000000 0.00000000 0.00000000 -1.00000000
				-0.47150000 -0.31200000 0.06900000 / -1.00000000 0.00000000 0.00000000 / 255 255 255 255 / 0.03259278 0.21948240 / 1.00000000 0.00000000 0.00000000 -1.00000000
				-0.47150000 -0.31200000 0.27900000 / -1.00000000 0.00000000 0.00000000 / 255 255 255 255 / 0.03259278 0.16821290 / 1.00000000 0.00000000 0.00000000 -1.00000000
				-0.47150000 -0.30000000 0.27900000 / -1.00000000 0.00000000 0.00000000 / 255 255 255 255 / 0.03259278 0.16821290 / 1.00000000 0.00000000 0.00000000 -1.00000000
				-0.47150000 -0.30000000 0.06900000 / -1.00000000 0.00000000 0.00000000 / 255 255 255 255 / 0.03259278 0.21948240 / 1.00000000 0.00000000 0.00000000 -1.00000000
				-0.47150000 -0.31200000 0.27900000 / 0.00000000 0.00000000 0.99999990 / 255 255 255 255 / 0.03161621 0.16918940 / 1.00000000 0.00000000 0.00000000 -1.00000000
				-0.35850000 -0.31200000 0.27900000 / 0.00000000 0.00000000 0.99999990 / 255 255 255 255 / 0.05920410 0.16918940 / 1.00000000 0.00000000 0.00000000 -1.00000000
				-0.35850000 -0.30000000 0.27900000 / 0.00000000 0.00000000 0.99999990 / 255 255 255 255 / 0.05920410 0.16918940 / 1.00000000 0.00000000 0.00000000 -1.00000000
				-0.47150000 -0.30000000 0.27900000 / 0.00000000 0.00000000 1.00000000 / 255 255 255 255 / 0.03161621 0.16918940 / 1.00000000 0.00000000 0.00000000 -1.00000000
				-0.47150000 -0.30000000 0.06900000 / 0.00000000 0.00000000 -1.00000000 / 255 255 255 255 / 0.03161621 0.21850590 / 1.00000000 0.00000000 0.00000000 -1.00000000
				-0.35850000 -0.30000000 0.06900000 / 0.00000000 0.00000000 -1.00000000 / 255 255 255 255 / 0.05920410 0.21850590 / 1.00000000 0.00000000 0.00000000 -1.00000000
				-0.35850000 -0.31200000 0.06900000 / 0.00000000 0.00000000 -1.00000000 / 255 255 255 255 / 0.05920410 0.21850590 / 1.00000000 0.00000000 0.00000000 -1.00000000
				-0.47150000 -0.31200000 0.06900000 / 0.00000000 0.00000000 -0.99999990 / 255 255 255 255 / 0.03161621 0.21850590 / 1.00000000 0.00000000 0.00000000 -1.00000000
				-0.31300000 -0.35000000 0.00600000 / 0.00000000 -1.00000000 0.00000000 / 255 255 255 255 / 0.07031250 0.23486330 / 0.99999990 0.00000000 0.00000000 1.00000000
				-0.24500000 -0.35000000 0.00600000 / 0.00000000 -1.00000000 0.00000000 / 255 255 255 255 / 0.08691406 0.23486330 / 1.00000000 0.00000000 0.00000000 1.00000000
				-0.24500000 -0.35000000 0.04600000 / 0.00000000 -1.00000000 0.00000000 / 255 255 255 255 / 0.08691406 0.22509770 / 0.99999990 0.00000000 0.00000000 1.00000000
				-0.31300000 -0.35000000 0.04600000 / 0.00000000 -1.00000000 0.00000000 / 255 255 255 255 / 0.07031250 0.22509770 / 1.00000000 0.00000000 0.00000000 1.00000000
				-0.24500000 -0.34500000 0.00600000 / 1.00000000 0.00000000 0.00000000 / 255 255 255 255 / 0.08593750 0.23486330 / 1.00000000 0.00000000 0.00000000 -1.00000000
				-0.24500000 -0.34500000 0.04600000 / 1.00000000 0.00000000 0.00000000 / 255 255 255 255 / 0.08593750 0.22509770 / 1.00000000 0.00000000 0.00000000 -1.00000000
				-0.24500000 -0.35000000 0.04600000 / 1.00000000 0.00000000 0.00000000 / 255 255 255 255 / 0.08593750 0.22509770 / 1.00000000 0.00000000 0.00000000 -1.00000000
				-0.24500000 -0.35000000 0.00600000 / 1.00000000 0.00000000 0.00000000 / 255 255 255 255 / 0.08593750 0.23486330 / 1.00000000 0.00000000 0.00000000 -1.00000000
				-0.31300000 -0.35000000 0.00600000 / -1.00000000 0.00000000 0.00000000 / 255 255 255 255 / 0.07128906 0.23486330 / 1.00000000 0.00000000 0.00000000 -1.00000000
				-0.31300000 -0.35000000 0.04600000 / -1.00000000 0.00000000 0.00000000 / 255 255 255 255 / 0.07128906 0.22509770 / 1.00000000 0.00000000 0.00000000 -1.00000000
				-0.31300000 -0.34500000 0.04600000 / -1.00000000 0.00000000 0.00000000 / 255 255 255 255 / 0.07128906 0.22509770 / 1.00000000 0.00000000 0.00000000 -1.00000000
				-0.31300000 -0.34500000 0.00600000 / -1.00000000 0.00000000 0.00000000 / 255 255 255 255 / 0.07128906 0.23486330 / 1.00000000 0.00000000 0.00000000 -1.00000000
				-0.31300000 -0.35000000 0.04600000 / 0.00000000 0.00000000 1.00000000 / 255 255 255 255 / 0.07031250 0.22607420 / 1.00000000 0.00000000 0.00000000 -1.00000000
				-0.24500000 -0.35000000 0.04600000 / 0.00000000 0.00000000 1.00000000 / 255 255 255 255 / 0.08691406 0.22607420 / 1.00000000 0.00000000 0.00000000 -1.00000000
				-0.24500000 -0.34500000 0.04600000 / 0.00000000 0.00000000 1.00000000 / 255 255 255 255 / 0.08691406 0.22607420 / 1.00000000 0.00000000 0.00000000 -1.00000000
				-0.31300000 -0.34500000 0.04600000 / 0.00000000 0.00000000 1.00000000 / 255 255 255 255 / 0.07031250 0.22607420 / 1.00000000 0.00000000 0.00000000 -1.00000000
				-0.31300000 -0.34500000 0.00600000 / 0.00000000 0.00000000 -1.00000000 / 255 255 255 255 / 0.07031250 0.23388670 / 1.00000000 0.00000000 0.00000000 -1.00000000
				-0.24500000 -0.34500000 0.00600000 / 0.00000000 0.00000000 -1.00000000 / 255 255 255 255 / 0.08691406 0.23388670 / 1.00000000 0.00000000 0.00000000 -1.00000000
				-0.24500000 -0.35000000 0.00600000 / 0.00000000 0.00000000 -1.00000000 / 255 255 255 255 / 0.08691406 0.23388670 / 1.00000000 0.00000000 0.00000000 -1.00000000
				-0.31300000 -0.35000000 0.00600000 / 0.00000000 0.00000000 -1.00000000 / 255 255 255 255 / 0.07031250 0.23388670 / 1.00000000 0.00000000 0.00000000 -1.00000000
				-0.33650000 -0.31200000 0.06900000 / 0.00000000 -1.00000000 0.00000000 / 255 255 255 255 / 0.06457520 0.21948240 / 1.00000000 0.00000000 0.00000000 1.00000000
				-0.22550000 -0.31200000 0.06900000 / 0.00000000 -1.00000000 0.00000000 / 255 255 255 255 / 0.09167481 0.21948240 / 1.00000000 0.00000000 0.00000000 1.00000000
				-0.22550000 -0.31200000 0.27600000 / 0.00000000 -1.00000000 0.00000000 / 255 255 255 255 / 0.09167481 0.16894530 / 1.00000000 0.00000000 0.00000000 1.00000000
				-0.33650000 -0.31200000 0.27600000 / 0.00000000 -1.00000000 0.00000000 / 255 255 255 255 / 0.06457520 0.16894530 / 1.00000000 0.00000000 0.00000000 1.00000000
				-0.22550000 -0.30000000 0.06900000 / 1.00000000 0.00000000 0.00000000 / 255 255 255 255 / 0.09069824 0.21948240 / 1.00000000 0.00000000 0.00000000 -1.00000000
				-0.22550000 -0.30000000 0.27600000 / 1.00000000 0.00000000 0.00000000 / 255 255 255 255 / 0.09069824 0.16894530 / 1.00000000 0.00000000 0.00000000 -1.00000000
				-0.22550000 -0.31200000 0.27600000 / 1.00000000 0.00000000 0.00000000 / 255 255 255 255 / 0.09069824 0.16894530 / 1.00000000 0.00000000 0.00000000 -1.00000000
				-0.22550000 -0.31200000 0.06900000 / 1.00000000 0.00000000 0.00000000 / 255 255 255 255 / 0.09069824 0.21948240 / 1.00000000 0.00000000 0.00000000 -1.00000000
				-0.33650000 -0.31200000 0.06900000 / -1.00000000 0.00000000 0.00000000 / 255 255 255 255 / 0.06555176 0.21948240 / 1.00000000 0.00000000 0.00000000 -1.00000000
				-0.33650000 -0.31200000 0.27600000 / -1.00000000 0.00000000 0.00000000 / 255 255 255 255 / 0.06555176 0.16894530 / 1.00000000 0.00000000 0.00000000 -1.00000000
				-0.33650000 -0.30000000 0.27600000 / -1.00000000 0.00000000 0.00000000 / 255 255 255 255 / 0.06555176 0.16894530 / 1.00000000 0.00000000 0.00000000 -1.00000000
				-0.33650000 -0.30000000 0.06900000 / -1.00000000 0.00000000 0.00000000 / 255 255 255 255 / 0.06555176 0.21948240 / 1.00000000 0.00000000 0.00000000 -1.00000000
				-0.33650000 -0.31200000 0.27600000 / 0.00000000 0.00000000 0.99999990 / 255 255 255 255 / 0.06457520 0.16992190 / 1.00000000 0.00000000 0.00000000 -1.00000000
				-0.22550000 -0.31200000 0.27600000 / 0.00000000 0.00000000 0.99999990 / 255 255 255 255 / 0.09167481 0.16992190 / 1.00000000 0.00000000 0.00000000 -1.00000000
				-0.22550000 -0.30000000 0.27600000 / 0.00000000 0.00000000 0.99999990 / 255 255 255 255 / 0.09167481 0.16992190 / 1.00000000 0.00000000 0.00000000 -1.00000000
				-0.33650000 -0.30000000 0.27600000 / 0.00000000 0.00000000 1.00000000 / 255 255 255 255 / 0.06457520 0.16992190 / 1.00000000 0.00000000 0.00000000 -1.00000000
				-0.33650000 -0.30000000 0.06900000 / 0.00000000 0.00000000 -1.00000000 / 255 255 255 255 / 0.06457520 0.21850590 / 1.00000000 0.00000000 0.00000000 -1.00000000
				-0.22550000 -0.30000000 0.06900000 / 0.00000000 0.00000000 -1.00000000 / 255 255 255 255 / 0.09167481 0.21850590 / 1.00000000 0.00000000 0.00000000 -1.00000000
				-0.22550000 -0.31200000 0.06900000 / 0.00000000 0.00000000 -1.00000000 / 255 255 255 255 / 0.09167481 0.21850590 / 1.00000000 0.00000000 0.00000000 -1.00000000
				-0.33650000 -0.31200000 0.06900000 / 0.00000000 0.00000000 -0.99999990 / 255 255 255 255 / 0.06457520 0.21850590 / 1.00000000 0.00000000 0.00000000 -1.00000000
				-0.18000000 -0.35000000 0.00600000 / 0.00000000 -1.00000000 0.00000000 / 255 255 255 255 / 0.10278320 0.23486330 / 1.00000000 0.00000000 0.00000000 1.00000000
				-0.11000000 -0.35000000 0.00600000 / 0.00000000 -1.00000000 0.00000000 / 255 255 255 255 / 0.11987300 0.23486330 / 1.00000000 0.00000000 0.00000000 1.00000000
				-0.11000000 -0.35000000 0.04600000 / 0.00000000 -1.00000000 0.00000000 / 255 255 255 255 / 0.11987300 0.22509770 / 1.00000000 0.00000000 0.00000000 1.00000000
				-0.18000000 -0.35000000 0.04600000 / 0.00000000 -1.00000000 0.00000000 / 255 255 255 255 / 0.10278320 0.22509770 / 1.00000000 0.00000000 0.00000000 1.00000000
				-0.11000000 -0.34500000 0.00600000 / 1.00000000 0.00000000 0.00000000 / 255 255 255 255 / 0.11889650 0.23486330 / 1.00000000 0.00000000 0.00000000 -1.00000000
				-0.11000000 -0.34500000 0.04600000 / 1.00000000 0.00000000 0.00000000 / 255 255 255 255 / 0.11889650 0.22509770 / 1.00000000 0.00000000 0.00000000 -1.00000000
				-0.11000000 -0.35000000 0.04600000 / 1.00000000 0.00000000 0.00000000 / 255 255 255 255 / 0.11889650 0.22509770 / 1.00000000 0.00000000 0.00000000 -1.00000000
				-0.11000000 -0.35000000 0.00600000 / 1.00000000 0.00000000 0.00000000 / 255 255 255 255 / 0.11889650 0.23486330 / 1.00000000 0.00000000 0.00000000 -1.00000000
				-0.18000000 -0.35000000 0.00600000 / -1.00000000 0.00000000 0.00000000 / 255 255 255 255 / 0.10375980 0.23486330 / 1.00000000 0.00000000 0.00000000 -1.00000000
				-0.18000000 -0.35000000 0.04600000 / -1.00000000 0.00000000 0.00000000 / 255 255 255 255 / 0.10375980 0.22509770 / 1.00000000 0.00000000 0.00000000 -1.00000000
				-0.18000000 -0.34500000 0.04600000 / -1.00000000 0.00000000 0.00000000 / 255 255 255 255 / 0.10375980 0.22509770 / 1.00000000 0.00000000 0.00000000 -1.00000000
				-0.18000000 -0.34500000 0.00600000 / -1.00000000 0.00000000 0.00000000 / 255 255 255 255 / 0.10375980 0.23486330 / 1.00000000 0.00000000 0.00000000 -1.00000000
				-0.18000000 -0.35000000 0.04600000 / 0.00000000 0.00000000 1.00000000 / 255 255 255 255 / 0.10278320 0.22607420 / 1.00000000 0.00000000 0.00000000 -1.00000000
				-0.11000000 -0.35000000 0.04600000 / 0.00000000 0.00000000 1.00000000 / 255 255 255 255 / 0.11987300 0.22607420 / 1.00000000 0.00000000 0.00000000 -1.00000000
				-0.11000000 -0.34500000 0.04600000 / 0.00000000 0.00000000 1.00000000 / 255 255 255 255 / 0.11987300 0.22607420 / 1.00000000 0.00000000 0.00000000 -1.00000000
				-0.18000000 -0.34500000 0.04600000 / 0.00000000 0.00000000 1.00000000 / 255 255 255 255 / 0.10278320 0.22607420 / 1.00000000 0.00000000 0.00000000 -1.00000000
				-0.18000000 -0.34500000 0.00600000 / 0.00000000 0.00000000 -1.00000000 / 255 255 255 255 / 0.10278320 0.23388670 / 1.00000000 0.00000000 0.00000000 -1.00000000
				-0.11000000 -0.34500000 0.00600000 / 0.00000000 0.00000000 -1.00000000 / 255 255 255 255 / 0.11987300 0.23388670 / 1.00000000 0.00000000 0.00000000 -1.00000000
				-0.11000000 -0.35000000 0.00600000 / 0.00000000 0.00000000 -1.00000000 / 255 255 255 255 / 0.11987300 0.23388670 / 1.00000000 0.00000000 0.00000000 -1.00000000
				-0.18000000 -0.35000000 0.00600000 / 0.00000000 0.00000000 -1.00000000 / 255 255 255 255 / 0.10278320 0.23388670 / 1.00000000 0.00000000 0.00000000 -1.00000000
				-0.20450000 -0.31200000 0.06900000 / 0.00000000 -1.00000000 0.00000000 / 255 255 255 255 / 0.09680176 0.21948240 / 1.00000000 0.00000000 0.00000000 1.00000000
				-0.09550000 -0.31200000 0.06900000 / 0.00000000 -1.00000000 0.00000000 / 255 255 255 255 / 0.12341310 0.21948240 / 1.00000000 0.00000000 0.00000000 1.00000000
				-0.09550000 -0.31200000 0.27300000 / 0.00000000 -1.00000000 0.00000000 / 255 255 255 255 / 0.12341310 0.16967770 / 1.00000000 0.00000000 0.00000000 1.00000000
				-0.20450000 -0.31200000 0.27300000 / 0.00000000 -1.00000000 0.00000000 / 255 255 255 255 / 0.09680176 0.16967770 / 1.00000000 0.00000000 0.00000000 1.00000000
				-0.09550000 -0.30000000 0.06900000 / 1.00000000 0.00000000 0.00000000 / 255 255 255 255 / 0.12243650 0.21948240 / 1.00000000 0.00000000 0.00000000 -1.00000000
				-0.09550000 -0.30000000 0.27300000 / 1.00000000 0.00000000 0.00000000 / 255 255 255 255 / 0.12243650 0.16967770 / 1.00000000 0.00000000 0.00000000 -1.00000000
				-0.09550000 -0.31200000 0.27300000 / 1.00000000 0.00000000 0.00000000 / 255 255 255 255 / 0.12243650 0.16967770 / 1.00000000 0.00000000 0.00000000 -1.00000000
				-0.09550000 -0.31200000 0.06900000 / 1.00000000 0.00000000 0.00000000 / 255 255 255 255 / 0.12243650 0.21948240 / 1.00000000 0.00000000 0.00000000 -1.00000000
				-0.20450000 -0.31200000 0.06900000 / -1.00000000 0.00000000 0.00000000 / 255 255 255 255 / 0.09777832 0.21948240 / 1.00000000 0.00000000 0.00000000 -1.00000000
				-0.20450000 -0.31200000 0.27300000 / -1.00000000 0.00000000 0.00000000 / 255 255 255 255 / 0.09777832 0.16967770 / 1.00000000 0.00000000 0.00000000 -1.00000000
				-0.20450000 -0.30000000 0.27300000 / -1.00000000 0.00000000 0.00000000 / 255 255 255 255 / 0.09777832 0.16967770 / 1.00000000 0.00000000 0.00000000 -1.00000000
				-0.20450000 -0.30000000 0.06900000 / -1.00000000 0.00000000 0.00000000 / 255 255 255 255 / 0.09777832 0.21948240 / 1.00000000 0.00000000 0.00000000 -1.00000000
				-0.20450000 -0.31200000 0.27300000 / 0.00000000 0.00000000 0.99999990 / 255 255 255 255 / 0.09680176 0.17065430 / 1.00000000 0.00000000 0.00000000 -1.00000000
				-0.09550000 -0.31200000 0.27300000 / 0.00000000 0.00000000 0.99999990 / 255 255 255 255 / 0.12341310 0.17065430 / 1.00000000 0.00000000 0.00000000 -1.00000000
				-0.09550000 -0.30000000 0.27300000 / 0.00000000 0.00000000 0.99999990 / 255 255 255 255 / 0.12341310 0.17065430 / 1.00000000 0.00000000 0.00000000 -1.00000000
				-0.20450000 -0.30000000 0.27300000 / 0.00000000 0.00000000 1.00000000 / 255 255 255 255 / 0.09680176 0.17065430 / 1.00000000 0.00000000 0.00000000 -1.00000000
				-0.20450000 -0.30000000 0.06900000 / 0.00000000 0.00000000 -1.00000000 / 255 255 255 255 / 0.09680176 0.21850590 / 1.00000000 0.00000000 0.00000000 -1.00000000
				-0.09550000 -0.30000000 0.06900000 / 0.00000000 0.00000000 -1.00000000 / 255 255 255 255 / 0.12341310 0.21850590 / 1.00000000 0.00000000 0.00000000 -1.00000000
				-0.09550000 -0.31200000 0.06900000 / 0.00000000 0.00000000 -1.00000000 / 255 255 255 255 / 0.12341310 0.21850590 / 1.00000000 0.00000000 0.00000000 -1.00000000
				-0.20450000 -0.31200000 0.06900000 / 0.00000000 0.00000000 -0.99999990 / 255 255 255 255 / 0.09680176 0.21850590 / 1.00000000 0.00000000 0.00000000 -1.00000000
				-0.04800000 -0.35000000 0.00600000 / 0.00000000 -1.00000000 0.00000000 / 255 255 255 255 / 0.13500980 0.23486330 / 1.00000000 0.00000000 0.00000000 1.00000000
				0.02200000 -0.35000000 0.00600000 / 0.00000000 -1.00000000 0.00000000 / 255 255 255 255 / 0.15209960 0.23486330 / 1.00000000 0.00000000 0.00000000 1.00000000
				0.02200000 -0.35000000 0.04600000 / 0.00000000 -1.00000000 0.00000000 / 255 255 255 255 / 0.15209960 0.22509770 / 1.00000000 0.00000000 0.00000000 1.00000000
				-0.04800000 -0.35000000 0.04600000 / 0.00000000 -1.00000000 0.00000000 / 255 255 255 255 / 0.13500980 0.22509770 / 1.00000000 0.00000000 0.00000000 1.00000000
				0.02200000 -0.34500000 0.00600000 / 1.00000000 0.00000000 0.00000000 / 255 255 255 255 / 0.15112300 0.23486330 / 1.00000000 0.00000000 0.00000000 -1.00000000
				0.02200000 -0.34500000 0.04600000 / 1.00000000 0.00000000 0.00000000 / 255 255 255 255 / 0.15112300 0.22509770 / 1.00000000 0.00000000 0.00000000 -1.00000000
				0.02200000 -0.35000000 0.04600000 / 1.00000000 0.00000000 0.00000000 / 255 255 255 255 / 0.15112300 0.22509770 / 1.00000000 0.00000000 0.00000000 -1.00000000
				0.02200000 -0.35000000 0.00600000 / 1.00000000 0.00000000 0.00000000 / 255 255 255 255 / 0.15112300 0.23486330 / 1.00000000 0.00000000 0.00000000 -1.00000000
				-0.04800000 -0.35000000 0.00600000 / -1.00000000 0.00000000 0.00000000 / 255 255 255 255 / 0.13598630 0.23486330 / 1.00000000 0.00000000 0.00000000 -1.00000000
				-0.04800000 -0.35000000 0.04600000 / -1.00000000 0.00000000 0.00000000 / 255 255 255 255 / 0.13598630 0.22509770 / 1.00000000 0.00000000 0.00000000 -1.00000000
				-0.04800000 -0.34500000 0.04600000 / -1.00000000 0.00000000 0.00000000 / 255 255 255 255 / 0.13598630 0.22509770 / 1.00000000 0.00000000 0.00000000 -1.00000000
				-0.04800000 -0.34500000 0.00600000 / -1.00000000 0.00000000 0.00000000 / 255 255 255 255 / 0.13598630 0.23486330 / 1.00000000 0.00000000 0.00000000 -1.00000000
				-0.04800000 -0.35000000 0.04600000 / 0.00000000 0.00000000 1.00000000 / 255 255 255 255 / 0.13500980 0.22607420 / 1.00000000 0.00000000 0.00000000 -1.00000000
				0.02200000 -0.35000000 0.04600000 / 0.00000000 0.00000000 1.00000000 / 255 255 255 255 / 0.15209960 0.22607420 / 1.00000000 0.00000000 0.00000000 -1.00000000
				0.02200000 -0.34500000 0.04600000 / 0.00000000 0.00000000 1.00000000 / 255 255 255 255 / 0.15209960 0.22607420 / 1.00000000 0.00000000 0.00000000 -1.00000000
				-0.04800000 -0.34500000 0.04600000 / 0.00000000 0.00000000 1.00000000 / 255 255 255 255 / 0.13500980 0.22607420 / 1.00000000 0.00000000 0.00000000 -1.00000000
				-0.04800000 -0.34500000 0.00600000 / 0.00000000 0.00000000 -1.00000000 / 255 255 255 255 / 0.13500980 0.23388670 / 1.00000000 0.00000000 0.00000000 -1.00000000
				0.02200000 -0.34500000 0.00600000 / 0.00000000 0.00000000 -1.00000000 / 255 255 255 255 / 0.15209960 0.23388670 / 1.00000000 0.00000000 0.00000000 -1.00000000
				0.02200000 -0.35000000 0.00600000 / 0.00000000 0.00000000 -1.00000000 / 255 255 255 255 / 0.15209960 0.23388670 / 1.00000000 0.00000000 0.00000000 -1.00000000
				-0.04800000 -0.35000000 0.00600000 / 0.00000000 0.00000000 -1.00000000 / 255 255 255 255 / 0.13500980 0.23388670 / 1.00000000 0.00000000 0.00000000 -1.00000000
				-0.07150000 -0.31200000 0.06900000 / 0.00000000 -1.00000000 0.00000000 / 255 255 255 255 / 0.12927250 0.21948240 / 1.00000000 0.00000000 0.00000000 1.00000000
				0.03650000 -0.31200000 0.06900000 / 0.00000000 -1.00000000 0.00000000 / 255 255 255 255 / 0.15563970 0.21948240 / 1.00000000 0.00000000 0.00000000 1.00000000
				0.03650000 -0.31200000 0.27100000 / 0.00000000 -1.00000000 0.00000000 / 255 255 255 255 / 0.15563970 0.17016600 / 1.00000000 0.00000000 0.00000000 1.00000000
				-0.07150000 -0.31200000 0.27100000 / 0.00000000 -1.00000000 0.00000000 / 255 255 255 255 / 0.12927250 0.17016600 / 1.00000000 0.00000000 0.00000000 1.00000000
				0.03650000 -0.30000000 0.06900000 / 1.00000000 0.00000000 0.00000000 / 255 255 255 255 / 0.15466310 0.21948240 / 1.00000000 0.00000000 0.00000000 -1.00000000
				0.03650000 -0.30000000 0.27100000 / 1.00000000 0.00000000 0.00000000 / 255 255 255 255 / 0.15466310 0.17016600 / 1.00000000 0.00000000 0.00000000 -1.00000000
				0.03650000 -0.31200000 0.27100000 / 1.00000000 0.00000000 0.00000000 / 255 255 255 255 / 0.15466310 0.17016600 / 1.00000000 0.00000000 0.00000000 -1.00000000
				0.03650000 -0.31200000 0.06900000 / 1.00000000 0.00000000 0.00000000 / 255 255 255 255 / 0.15466310 0.21948240 / 1.00000000 0.00000000 0.00000000 -1.00000000
				-0.07150000 -0.31200000 0.06900000 / -1.00000000 0.00000000 0.00000000 / 255 255 255 255 / 0.13024900 0.21948240 / 1.00000000 0.00000000 0.00000000 -1.00000000
				-0.07150000 -0.31200000 0.27100000 / -1.00000000 0.00000000 0.00000000 / 255 255 255 255 / 0.13024900 0.17016600 / 1.00000000 0.00000000 0.00000000 -1.00000000
				-0.07150000 -0.30000000 0.27100000 / -1.00000000 0.00000000 0.00000000 / 255 255 255 255 / 0.13024900 0.17016600 / 1.00000000 0.00000000 0.00000000 -1.00000000
				-0.07150000 -0.30000000 0.06900000 / -1.00000000 0.00000000 0.00000000 / 255 255 255 255 / 0.13024900 0.21948240 / 1.00000000 0.00000000 0.00000000 -1.00000000
				-0.07150000 -0.31200000 0.27100000 / 0.00000000 0.00000000 0.99999990 / 255 255 255 255 / 0.12927250 0.17114260 / 1.00000000 0.00000000 0.00000000 -1.00000000
				0.03650000 -0.31200000 0.27100000 / 0.00000000 0.00000000 0.99999990 / 255 255 255 255 / 0.15563970 0.17114260 / 1.00000000 0.00000000 0.00000000 -1.00000000
				0.03650000 -0.30000000 0.27100000 / 0.00000000 0.00000000 0.99999990 / 255 255 255 255 / 0.15563970 0.17114260 / 1.00000000 0.00000000 0.00000000 -1.00000000
				-0.07150000 -0.30000000 0.27100000 / 0.00000000 0.00000000 1.00000000 / 255 255 255 255 / 0.12927250 0.17114260 / 1.00000000 0.00000000 0.00000000 -1.00000000
				-0.07150000 -0.30000000 0.06900000 / 0.00000000 0.00000000 -1.00000000 / 255 255 255 255 / 0.12927250 0.21850590 / 1.00000000 0.00000000 0.00000000 -1.00000000
				0.03650000 -0.30000000 0.06900000 / 0.00000000 0.00000000 -1.00000000 / 255 255 255 255 / 0.15563970 0.21850590 / 1.00000000 0.00000000 0.00000000 -1.00000000
				0.03650000 -0.31200000 0.06900000 / 0.00000000 0.00000000 -1.00000000 / 255 255 255 255 / 0.15563970 0.21850590 / 1.00000000 0.00000000 0.00000000 -1.00000000
				-0.07150000 -0.31200000 0.06900000 / 0.00000000 0.00000000 -0.99999990 / 255 255 255 255 / 0.12927250 0.21850590 / 1.00000000 0.00000000 0.00000000 -1.00000000
				0.07700000 -0.35000000 0.00600000 / 0.00000000 -1.00000000 0.00000000 / 255 255 255 255 / 0.16552730 0.23486330 / 1.00000000 0.00000000 0.00000000 1.00000000
				0.15000000 -0.35000000 0.00600000 / 0.00000000 -1.00000000 0.00000000 / 255 255 255 255 / 0.18334960 0.23486330 / 1.00000000 0.00000000 0.00000000 1.00000000
				0.15000000 -0.35000000 0.04600000 / 0.00000000 -1.00000000 0.00000000 / 255 255 255 255 / 0.18334960 0.22509770 / 1.00000000 0.00000000 0.00000000 1.00000000
				0.07700000 -0.35000000 0.04600000 / 0.00000000 -1.00000000 0.00000000 / 255 255 255 255 / 0.16552730 0.22509770 / 1.00000000 0.00000000 0.00000000 1.00000000
				0.15000000 -0.34500000 0.00600000 / 1.00000000 0.00000000 0.00000000 / 255 255 255 255 / 0.18237300 0.23486330 / 1.00000000 0.00000000 0.00000000 -1.00000000
				0.15000000 -0.34500000 0.04600000 / 1.00000000 0.00000000 0.00000000 / 255 255 255 255 / 0.18237300 0.22509770 / 1.00000000 0.00000000 0.00000000 -1.00000000
				0.15000000 -0.35000000 0.04600000 / 1.00000000 0.00000000 0.00000000 / 255 255 255 255 / 0.18237300 0.22509770 / 1.00000000 0.00000000 0.00000000 -1.00000000
				0.15000000 -0.35000000 0.00600000 / 1.00000000 0.00000000 0.00000000 / 255 255 255 255 / 0.18237300 0.23486330 / 1.00000000 0.00000000 0.00000000 -1.00000000
				0.07700000 -0.35000000 0.00600000 / -1.00000000 0.00000000 0.00000000 / 255 255 255 255 / 0.16650390 0.23486330 / 1.00000000 0.00000000 0.00000000 -1.00000000
				0.07700000 -0.35000000 0.04600000 / -1.00000000 0.00000000 0.00000000 / 255 255 255 255 / 0.16650390 0.22509770 / 1.00000000 0.00000000 0.00000000 -1.00000000
				0.07700000 -0.34500000 0.04600000 / -1.00000000 0.00000000 0.00000000 / 255 255 255 255 / 0.16650390 0.22509770 / 1.00000000 0.00000000 0.00000000 -1.00000000
				0.07700000 -0.34500000 0.00600000 / -1.00000000 0.00000000 0.00000000 / 255 255 255 255 / 0.16650390 0.23486330 / 1.00000000 0.00000000 0.00000000 -1.00000000
				0.07700000 -0.35000000 0.04600000 / 0.00000000 0.00000000 1.00000000 / 255 255 255 255 / 0.16552730 0.22607420 / 1.00000000 0.00000000 0.00000000 -1.00000000
				0.15000000 -0.35000000 0.04600000 / 0.00000000 0.00000000 1.00000000 / 255 255 255 255 / 0.18334960 0.22607420 / 1.00000000 0.00000000 0.00000000 -1.00000000
				0.15000000 -0.34500000 0.04600000 / 0.00000000 0.00000000 1.00000000 / 255 255 255 255 / 0.18334960 0.22607420 / 1.00000000 0.00000000 0.00000000 -1.00000000
				0.07700000 -0.34500000 0.04600000 / 0.00000000 0.00000000 1.00000000 / 255 255 255 255 / 0.16552730 0.22607420 / 1.00000000 0.00000000 0.00000000 -1.00000000
				0.07700000 -0.34500000 0.00600000 / 0.00000000 0.00000000 -1.00000000 / 255 255 255 255 / 0.16552730 0.23388670 / 1.00000000 0.00000000 0.00000000 -1.00000000
				0.15000000 -0.34500000 0.00600000 / 0.00000000 0.00000000 -1.00000000 / 255 255 255 255 / 0.18334960 0.23388670 / 1.00000000 0.00000000 0.00000000 -1.00000000
				0.15000000 -0.35000000 0.00600000 / 0.00000000 0.00000000 -1.00000000 / 255 255 255 255 / 0.18334960 0.23388670 / 1.00000000 0.00000000 0.00000000 -1.00000000
				0.07700000 -0.35000000 0.00600000 / 0.00000000 0.00000000 -1.00000000 / 255 255 255 255 / 0.16552730 0.23388670 / 1.00000000 0.00000000 0.00000000 -1.00000000
				0.05850000 -0.31200000 0.06900000 / 0.00000000 -1.00000000 0.00000000 / 255 255 255 255 / 0.16101070 0.21948240 / 1.00000000 0.00000000 0.00000000 1.00000000
				0.16350000 -0.31200000 0.06900000 / 0.00000000 -1.00000000 0.00000000 / 255 255 255 255 / 0.18664550 0.21948240 / 1.00000000 0.00000000 0.00000000 1.00000000
				0.16350000 -0.31200000 0.26500000 / 0.00000000 -1.00000000 0.00000000 / 255 255 255 255 / 0.18664550 0.17163090 / 1.00000000 0.00000000 0.00000000 1.00000000
				0.05850000 -0.31200000 0.26500000 / 0.00000000 -1.00000000 0.00000000 / 255 255 255 255 / 0.16101070 0.17163090 / 1.00000000 0.00000000 0.00000000 1.00000000
				0.16350000 -0.30000000 0.06900000 / 1.00000000 0.00000000 0.00000000 / 255 255 255 255 / 0.18566890 0.21948240 / 1.00000000 0.00000000 0.00000000 -1.00000000
				0.16350000 -0.30000000 0.26500000 / 1.00000000 0.00000000 0.00000000 / 255 255 255 255 / 0.18566890 0.17163090 / 1.00000000 0.00000000 0.00000000 -1.00000000
				0.16350000 -0.31200000 0.26500000 / 1.00000000 0.00000000 0.00000000 / 255 255 255 255 / 0.18566890 0.17163090 / 1.00000000 0.00000000 0.00000000 -1.00000000
				0.16350000 -0.31200000 0.06900000 / 1.00000000 0.00000000 0.00000000 / 255 255 255 255 / 0.18566890 0.21948240 / 1.00000000 0.00000000 0.00000000 -1.00000000
				0.05850000 -0.31200000 0.06900000 / -1.00000000 0.00000000 0.00000000 / 255 255 255 255 / 0.16198730 0.21948240 / 1.00000000 0.00000000 0.00000000 -1.00000000
				0.05850000 -0.31200000 0.26500000 / -1.00000000 0.00000000 0.00000000 / 255 255 255 255 / 0.16198730 0.17163090 / 1.00000000 0.00000000 0.00000000 -1.00000000
				0.05850000 -0.30000000 0.26500000 / -1.00000000 0.00000000 0.00000000 / 255 255 255 255 / 0.16198730 0.17163090 / 1.00000000 0.00000000 0.00000000 -1.00000000
				0.05850000 -0.30000000 0.06900000 / -1.00000000 0.00000000 0.00000000 / 255 255 255 255 / 0.16198730 0.21948240 / 1.00000000 0.00000000 0.00000000 -1.00000000
				0.05850000 -0.31200000 0.26500000 / 0.00000000 0.00000000 1.00000000 / 255 255 255 255 / 0.16101070 0.17260740 / 1.00000000 0.00000000 0.00000000 -1.00000000
				0.16350000 -0.31200000 0.26500000 / 0.00000000 0.00000000 1.00000000 / 255 255 255 255 / 0.18664550 0.17260740 / 1.00000000 0.00000000 0.00000000 -1.00000000
				0.16350000 -0.30000000 0.26500000 / 0.00000000 0.00000000 1.00000000 / 255 255 255 255 / 0.18664550 0.17260740 / 1.00000000 0.00000000 0.00000000 -1.00000000
				0.05850000 -0.30000000 0.26500000 / 0.00000000 0.00000000 1.00000000 / 255 255 255 255 / 0.16101070 0.17260740 / 1.00000000 0.00000000 0.00000000 -1.00000000
				0.05850000 -0.30000000 0.06900000 / 0.00000000 0.00000000 -1.00000000 / 255 255 255 255 / 0.16101070 0.21850590 / 1.00000000 0.00000000 0.00000000 -1.00000000
				0.16350000 -0.30000000 0.06900000 / 0.00000000 0.00000000 -1.00000000 / 255 255 255 255 / 0.18664550 0.21850590 / 1.00000000 0.00000000 0.00000000 -1.00000000
				0.16350000 -0.31200000 0.06900000 / 0.00000000 0.00000000 -1.00000000 / 255 255 255 255 / 0.18664550 0.21850590 / 1.00000000 0.00000000 0.00000000 -1.00000000
				0.05850000 -0.31200000 0.06900000 / 0.00000000 0.00000000 -1.00000000 / 255 255 255 255 / 0.16101070 0.21850590 / 1.00000000 0.00000000 0.00000000 -1.00000000
				-0.49000000 -0.33000000 0.05700000 / 0.00000000 -1.00000000 0.00000000 / 255 255 255 255 / 0.02709961 0.22241210 / 1.00000000 0.00000000 0.00000000 1.00000000
				-0.48200000 -0.33000000 0.05700000 / 0.00000000 -1.00000000 0.00000000 / 255 255 255 255 / 0.02905274 0.22241210 / 1.00000000 0.00000000 0.00000000 1.00000000
				-0.48200000 -0.33000000 0.29700000 / 0.00000000 -1.00000000 0.00000000 / 255 255 255 255 / 0.02905274 0.16381840 / 1.00000000 0.00000000 0.00000000 1.00000000
				-0.49000000 -0.33000000 0.29700000 / 0.00000000 -0.99999990 0.00000000 / 255 255 255 255 / 0.02709961 0.16381840 / 1.00000000 0.00000000 0.00000000 1.00000000
				-0.48200000 -0.30000000 0.05700000 / 0.99999990 0.00000000 0.00000000 / 255 255 255 255 / 0.02807617 0.22241210 / 1.00000000 0.00000000 0.00000000 -1.00000000
				-0.48200000 -0.30000000 0.29700000 / 0.99999990 0.00000000 0.00000000 / 255 255 255 255 / 0.02807617 0.16381840 / 1.00000000 0.00000000 0.00000000 -1.00000000
				-0.48200000 -0.33000000 0.29700000 / 0.99999990 0.00000000 0.00000000 / 255 255 255 255 / 0.02807617 0.16381840 / 1.00000000 0.00000000 0.00000000 -1.00000000
				-0.48200000 -0.33000000 0.05700000 / 1.00000000 0.00000000 0.00000000 / 255 255 255 255 / 0.02807617 0.22241210 / 1.00000000 0.00000000 0.00000000 -1.00000000
				-0.49000000 -0.33000000 0.05700000 / -0.99999990 0.00000000 0.00000000 / 255 255 255 255 / 0.02807617 0.22241210 / 1.00000000 0.00000000 0.00000000 -1.00000000
				-0.49000000 -0.33000000 0.29700000 / -0.99999990 0.00000000 0.00000000 / 255 255 255 255 / 0.02807617 0.16381840 / 1.00000000 0.00000000 0.00000000 -1.00000000
				-0.49000000 -0.30000000 0.29700000 / -0.99999990 0.00000000 0.00000000 / 255 255 255 255 / 0.02807617 0.16381840 / 1.00000000 0.00000000 0.00000000 -1.00000000
				-0.49000000 -0.30000000 0.05700000 / -1.00000000 0.00000000 0.00000000 / 255 255 255 255 / 0.02807617 0.22241210 / 1.00000000 0.00000000 0.00000000 -1.00000000
				-0.49000000 -0.33000000 0.29700000 / 0.00000000 0.00000000 0.99999990 / 255 255 255 255 / 0.02709961 0.16479490 / 1.00000000 0.00000000 0.00000000 -1.00000000
				-0.48200000 -0.33000000 0.29700000 / 0.00000000 0.00000000 0.99999990 / 255 255 255 255 / 0.02905274 0.16479490 / 1.00000000 0.00000000 0.00000000 -1.00000000
				-0.48200000 -0.30000000 0.29700000 / 0.00000000 0.00000000 0.99999990 / 255 255 255 255 / 0.02905274 0.16479490 / 1.00000000 0.00000000 0.00000000 -1.00000000
				-0.49000000 -0.30000000 0.29700000 / 0.00000000 0.00000000 1.00000000 / 255 255 255 255 / 0.02709961 0.16479490 / 1.00000000 0.00000000 0.00000000 -1.00000000
				-0.49000000 -0.30000000 0.05700000 / 0.00000000 0.00000000 -1.00000000 / 255 255 255 255 / 0.02709961 0.22143550 / 1.00000000 0.00000000 0.00000000 -1.00000000
				-0.48200000 -0.30000000 0.05700000 / 0.00000000 0.00000000 -1.00000000 / 255 255 255 255 / 0.02905274 0.22143550 / 1.00000000 0.00000000 0.00000000 -1.00000000
				-0.48200000 -0.33000000 0.05700000 / 0.00000000 0.00000000 -1.00000000 / 255 255 255 255 / 0.02905274 0.22143550 / 1.00000000 0.00000000 0.00000000 -1.00000000
				-0.49000000 -0.33000000 0.05700000 / 0.00000000 0.00000000 -0.99999990 / 255 255 255 255 / 0.02709961 0.22143550 / 1.00000000 0.00000000 0.00000000 -1.00000000
				-0.35150000 -0.33000000 0.05700000 / 0.00000000 -1.00000000 0.00000000 / 255 255 255 255 / 0.06091309 0.22241210 / 1.00000000 0.00000000 0.00000000 1.00000000
				-0.34350000 -0.33000000 0.05700000 / 0.00000000 -1.00000000 0.00000000 / 255 255 255 255 / 0.06286621 0.22241210 / 1.00000000 0.00000000 0.00000000 1.00000000
				-0.34350000 -0.33000000 0.29700000 / 0.00000000 -1.00000000 0.00000000 / 255 255 255 255 / 0.06286621 0.16381840 / 1.00000000 0.00000000 0.00000000 1.00000000
				-0.35150000 -0.33000000 0.29700000 / 0.00000000 -1.00000000 0.00000000 / 255 255 255 255 / 0.06091309 0.16381840 / 1.00000000 0.00000000 0.00000000 1.00000000
				-0.34350000 -0.30000000 0.05700000 / 0.99999990 0.00000000 0.00000000 / 255 255 255 255 / 0.06188965 0.22241210 / 1.00000000 0.00000000 0.00000000 -1.00000000
				-0.34350000 -0.30000000 0.29700000 / 0.99999990 0.00000000 0.00000000 / 255 255 255 255 / 0.06188965 0.16381840 / 1.00000000 0.00000000 0.00000000 -1.00000000
				-0.34350000 -0.33000000 0.29700000 / 0.99999990 0.00000000 0.00000000 / 255 255 255 255 / 0.06188965 0.16381840 / 1.00000000 0.00000000 0.00000000 -1.00000000
				-0.34350000 -0.33000000 0.05700000 / 1.00000000 0.00000000 0.00000000 / 255 255 255 255 / 0.06188965 0.22241210 / 1.00000000 0.00000000 0.00000000 -1.00000000
				-0.35150000 -0.33000000 0.05700000 / -0.99999990 0.00000000 0.00000000 / 255 255 255 255 / 0.06188965 0.22241210 / 1.00000000 0.00000000 0.00000000 -1.00000000
				-0.35150000 -0.33000000 0.29700000 / -0.99999990 0.00000000 0.00000000 / 255 255 255 255 / 0.06188965 0.16381840 / 1.00000000 0.00000000 0.00000000 -1.00000000
				-0.35150000 -0.30000000 0.29700000 / -0.99999990 0.00000000 0.00000000 / 255 255 255 255 / 0.06188965 0.16381840 / 1.00000000 0.00000000 0.00000000 -1.00000000
				-0.35150000 -0.30000000 0.05700000 / -1.00000000 0.00000000 0.00000000 / 255 255 255 255 / 0.06188965 0.22241210 / 1.00000000 0.00000000 0.00000000 -1.00000000
				-0.35150000 -0.33000000 0.29700000 / 0.00000000 0.00000000 0.99999990 / 255 255 255 255 / 0.06091309 0.16479490 / 1.00000000 0.00000000 0.00000000 -1.00000000
				-0.34350000 -0.33000000 0.29700000 / 0.00000000 0.00000000 0.99999990 / 255 255 255 255 / 0.06286621 0.16479490 / 1.00000000 0.00000000 0.00000000 -1.00000000
				-0.34350000 -0.30000000 0.29700000 / 0.00000000 0.00000000 0.99999990 / 255 255 255 255 / 0.06286621 0.16479490 / 1.00000000 0.00000000 0.00000000 -1.00000000
				-0.35150000 -0.30000000 0.29700000 / 0.00000000 0.00000000 1.00000000 / 255 255 255 255 / 0.06091309 0.16479490 / 1.00000000 0.00000000 0.00000000 -1.00000000
				-0.35150000 -0.30000000 0.05700000 / 0.00000000 0.00000000 -1.00000000 / 255 255 255 255 / 0.06091309 0.22143550 / 1.00000000 0.00000000 0.00000000 -1.00000000
				-0.34350000 -0.30000000 0.05700000 / 0.00000000 0.00000000 -1.00000000 / 255 255 255 255 / 0.06286621 0.22143550 / 1.00000000 0.00000000 0.00000000 -1.00000000
				-0.34350000 -0.33000000 0.05700000 / 0.00000000 0.00000000 -1.00000000 / 255 255 255 255 / 0.06286621 0.22143550 / 1.00000000 0.00000000 0.00000000 -1.00000000
				-0.35150000 -0.33000000 0.05700000 / 0.00000000 0.00000000 -0.99999990 / 255 255 255 255 / 0.06091309 0.22143550 / 1.00000000 0.00000000 0.00000000 -1.00000000
				-0.21900000 -0.33000000 0.05700000 / 0.00000000 -1.00000000 0.00000000 / 255 255 255 255 / 0.09326172 0.22241210 / 1.00000000 0.00000000 0.00000000 1.00000000
				-0.21100000 -0.33000000 0.05700000 / 0.00000000 -1.00000000 0.00000000 / 255 255 255 255 / 0.09521484 0.22241210 / 1.00000000 0.00000000 0.00000000 1.00000000
				-0.21100000 -0.33000000 0.29700000 / 0.00000000 -1.00000000 0.00000000 / 255 255 255 255 / 0.09521484 0.16381840 / 1.00000000 0.00000000 0.00000000 1.00000000
				-0.21900000 -0.33000000 0.29700000 / 0.00000000 -1.00000000 0.00000000 / 255 255 255 255 / 0.09326172 0.16381840 / 1.00000000 0.00000000 0.00000000 1.00000000
				-0.21100000 -0.30000000 0.05700000 / 0.99999990 0.00000000 0.00000000 / 255 255 255 255 / 0.09423828 0.22241210 / 1.00000000 0.00000000 0.00000000 -1.00000000
				-0.21100000 -0.30000000 0.29700000 / 0.99999990 0.00000000 0.00000000 / 255 255 255 255 / 0.09423828 0.16381840 / 1.00000000 0.00000000 0.00000000 -1.00000000
				-0.21100000 -0.33000000 0.29700000 / 0.99999990 0.00000000 0.00000000 / 255 255 255 255 / 0.09423828 0.16381840 / 1.00000000 0.00000000 0.00000000 -1.00000000
				-0.21100000 -0.33000000 0.05700000 / 1.00000000 0.00000000 0.00000000 / 255 255 255 255 / 0.09423828 0.22241210 / 1.00000000 0.00000000 0.00000000 -1.00000000
				-0.21900000 -0.33000000 0.05700000 / -0.99999990 0.00000000 0.00000000 / 255 255 255 255 / 0.09423828 0.22241210 / 1.00000000 0.00000000 0.00000000 -1.00000000
				-0.21900000 -0.33000000 0.29700000 / -0.99999990 0.00000000 0.00000000 / 255 255 255 255 / 0.09423828 0.16381840 / 1.00000000 0.00000000 0.00000000 -1.00000000
				-0.21900000 -0.30000000 0.29700000 / -0.99999990 0.00000000 0.00000000 / 255 255 255 255 / 0.09423828 0.16381840 / 1.00000000 0.00000000 0.00000000 -1.00000000
				-0.21900000 -0.30000000 0.05700000 / -1.00000000 0.00000000 0.00000000 / 255 255 255 255 / 0.09423828 0.22241210 / 1.00000000 0.00000000 0.00000000 -1.00000000
				-0.21900000 -0.33000000 0.29700000 / 0.00000000 0.00000000 1.00000000 / 255 255 255 255 / 0.09326172 0.16479490 / 1.00000000 0.00000000 0.00000000 -1.00000000
				-0.21100000 -0.33000000 0.29700000 / 0.00000000 0.00000000 1.00000000 / 255 255 255 255 / 0.09521484 0.16479490 / 1.00000000 0.00000000 0.00000000 -1.00000000
				-0.21100000 -0.30000000 0.29700000 / 0.00000000 0.00000000 1.00000000 / 255 255 255 255 / 0.09521484 0.16479490 / 1.00000000 0.00000000 0.00000000 -1.00000000
				-0.21900000 -0.30000000 0.29700000 / 0.00000000 0.00000000 1.00000000 / 255 255 255 255 / 0.09326172 0.16479490 / 1.00000000 0.00000000 0.00000000 -1.00000000
				-0.21900000 -0.30000000 0.05700000 / 0.00000000 0.00000000 -1.00000000 / 255 255 255 255 / 0.09326172 0.22143550 / 1.00000000 0.00000000 0.00000000 -1.00000000
				-0.21100000 -0.30000000 0.05700000 / 0.00000000 0.00000000 -1.00000000 / 255 255 255 255 / 0.09521484 0.22143550 / 1.00000000 0.00000000 0.00000000 -1.00000000
				-0.21100000 -0.33000000 0.05700000 / 0.00000000 0.00000000 -1.00000000 / 255 255 255 255 / 0.09521484 0.22143550 / 1.00000000 0.00000000 0.00000000 -1.00000000
				-0.21900000 -0.33000000 0.05700000 / 0.00000000 0.00000000 -1.00000000 / 255 255 255 255 / 0.09326172 0.22143550 / 1.00000000 0.00000000 0.00000000 -1.00000000
				-0.08750000 -0.33000000 0.05700000 / 0.00000000 -1.00000000 0.00000000 / 255 255 255 255 / 0.12536620 0.22241210 / 1.00000000 0.00000000 0.00000000 1.00000000
				-0.07950000 -0.33000000 0.05700000 / 0.00000000 -1.00000000 0.00000000 / 255 255 255 255 / 0.12731930 0.22241210 / 1.00000000 0.00000000 0.00000000 1.00000000
				-0.07950000 -0.33000000 0.29700000 / 0.00000000 -1.00000000 0.00000000 / 255 255 255 255 / 0.12731930 0.16381840 / 1.00000000 0.00000000 0.00000000 1.00000000
				-0.08750000 -0.33000000 0.29700000 / 0.00000000 -1.00000000 0.00000000 / 255 255 255 255 / 0.12536620 0.16381840 / 1.00000000 0.00000000 0.00000000 1.00000000
				-0.07950000 -0.30000000 0.05700000 / 0.99999990 0.00000000 0.00000000 / 255 255 255 255 / 0.12634280 0.22241210 / 1.00000000 0.00000000 0.00000000 -1.00000000
				-0.07950000 -0.30000000 0.29700000 / 0.99999990 0.00000000 0.00000000 / 255 255 255 255 / 0.12634280 0.16381840 / 1.00000000 0.00000000 0.00000000 -1.00000000
				-0.07950000 -0.33000000 0.29700000 / 0.99999990 0.00000000 0.00000000 / 255 255 255 255 / 0.12634280 0.16381840 / 1.00000000 0.00000000 0.00000000 -1.00000000
				-0.07950000 -0.33000000 0.05700000 / 1.00000000 0.00000000 0.00000000 / 255 255 255 255 / 0.12634280 0.22241210 / 1.00000000 0.00000000 0.00000000 -1.00000000
				-0.08750000 -0.33000000 0.05700000 / -0.99999990 0.00000000 0.00000000 / 255 255 255 255 / 0.12634280 0.22241210 / 1.00000000 0.00000000 0.00000000 -1.00000000
				-0.08750000 -0.33000000 0.29700000 / -0.99999990 0.00000000 0.00000000 / 255 255 255 255 / 0.12634280 0.16381840 / 1.00000000 0.00000000 0.00000000 -1.00000000
				-0.08750000 -0.30000000 0.29700000 / -0.99999990 0.00000000 0.00000000 / 255 255 255 255 / 0.12634280 0.16381840 / 1.00000000 0.00000000 0.00000000 -1.00000000
				-0.08750000 -0.30000000 0.05700000 / -1.00000000 0.00000000 0.00000000 / 255 255 255 255 / 0.12634280 0.22241210 / 1.00000000 0.00000000 0.00000000 -1.00000000
				-0.08750000 -0.33000000 0.29700000 / 0.00000000 0.00000000 1.00000000 / 255 255 255 255 / 0.12536620 0.16479490 / 1.00000000 0.00000000 0.00000000 -1.00000000
				-0.07950000 -0.33000000 0.29700000 / 0.00000000 0.00000000 1.00000000 / 255 255 255 255 / 0.12731930 0.16479490 / 1.00000000 0.00000000 0.00000000 -1.00000000
				-0.07950000 -0.30000000 0.29700000 / 0.00000000 0.00000000 1.00000000 / 255 255 255 255 / 0.12731930 0.16479490 / 1.00000000 0.00000000 0.00000000 -1.00000000
				-0.08750000 -0.30000000 0.29700000 / 0.00000000 0.00000000 1.00000000 / 255 255 255 255 / 0.12536620 0.16479490 / 1.00000000 0.00000000 0.00000000 -1.00000000
				-0.08750000 -0.30000000 0.05700000 / 0.00000000 0.00000000 -1.00000000 / 255 255 255 255 / 0.12536620 0.22143550 / 1.00000000 0.00000000 0.00000000 -1.00000000
				-0.07950000 -0.30000000 0.05700000 / 0.00000000 0.00000000 -1.00000000 / 255 255 255 255 / 0.12731930 0.22143550 / 1.00000000 0.00000000 0.00000000 -1.00000000
				-0.07950000 -0.33000000 0.05700000 / 0.00000000 0.00000000 -1.00000000 / 255 255 255 255 / 0.12731930 0.22143550 / 1.00000000 0.00000000 0.00000000 -1.00000000
				-0.08750000 -0.33000000 0.05700000 / 0.00000000 0.00000000 -1.00000000 / 255 255 255 255 / 0.12536620 0.22143550 / 1.00000000 0.00000000 0.00000000 -1.00000000
				0.04350000 -0.33000000 0.05700000 / 0.00000000 -0.99999990 0.00000000 / 255 255 255 255 / 0.15734860 0.22241210 / 1.00000000 0.00000000 0.00000000 1.00000000
				0.05150000 -0.33000000 0.05700000 / 0.00000000 -0.99999990 0.00000000 / 255 255 255 255 / 0.15930180 0.22241210 / 1.00000000 0.00000000 0.00000000 1.00000000
				0.05150000 -0.33000000 0.29700000 / 0.00000000 -0.99999990 0.00000000 / 255 255 255 255 / 0.15930180 0.16381840 / 1.00000000 0.00000000 0.00000000 1.00000000
				0.04350000 -0.33000000 0.29700000 / 0.00000000 -1.00000000 0.00000000 / 255 255 255 255 / 0.15734860 0.16381840 / 1.00000000 0.00000000 0.00000000 1.00000000
				0.05150000 -0.30000000 0.05700000 / 0.99999990 0.00000000 0.00000000 / 255 255 255 255 / 0.15832520 0.22241210 / 1.00000000 0.00000000 0.00000000 -1.00000000
				0.05150000 -0.30000000 0.29700000 / 0.99999990 0.00000000 0.00000000 / 255 255 255 255 / 0.15832520 0.16381840 / 1.00000000 0.00000000 0.00000000 -1.00000000
				0.05150000 -0.33000000 0.29700000 / 0.99999990 0.00000000 0.00000000 / 255 255 255 255 / 0.15832520 0.16381840 / 1.00000000 0.00000000 0.00000000 -1.00000000
				0.05150000 -0.33000000 0.05700000 / 1.00000000 0.00000000 0.00000000 / 255 255 255 255 / 0.15832520 0.22241210 / 1.00000000 0.00000000 0.00000000 -1.00000000
				0.04350000 -0.33000000 0.05700000 / -0.99999990 0.00000000 0.00000000 / 255 255 255 255 / 0.15832520 0.22241210 / 1.00000000 0.00000000 0.00000000 -1.00000000
				0.04350000 -0.33000000 0.29700000 / -0.99999990 0.00000000 0.00000000 / 255 255 255 255 / 0.15832520 0.16381840 / 1.00000000 0.00000000 0.00000000 -1.00000000
				0.04350000 -0.30000000 0.29700000 / -0.99999990 0.00000000 0.00000000 / 255 255 255 255 / 0.15832520 0.16381840 / 1.00000000 0.00000000 0.00000000 -1.00000000
				0.04350000 -0.30000000 0.05700000 / -1.00000000 0.00000000 0.00000000 / 255 255 255 255 / 0.15832520 0.22241210 / 1.00000000 0.00000000 0.00000000 -1.00000000
				0.04350000 -0.33000000 0.29700000 / 0.00000000 0.00000000 1.00000000 / 255 255 255 255 / 0.15734860 0.16479490 / 1.00000000 0.00000000 0.00000000 -1.00000000
				0.05150000 -0.33000000 0.29700000 / 0.00000000 0.00000000 1.00000000 / 255 255 255 255 / 0.15930180 0.16479490 / 1.00000000 0.00000000 0.00000000 -1.00000000
				0.05150000 -0.30000000 0.29700000 / 0.00000000 0.00000000 1.00000000 / 255 255 255 255 / 0.15930180 0.16479490 / 1.00000000 0.00000000 0.00000000 -1.00000000
				0.04350000 -0.30000000 0.29700000 / 0.00000000 0.00000000 1.00000000 / 255 255 255 255 / 0.15734860 0.16479490 / 1.00000000 0.00000000 0.00000000 -1.00000000
				0.04350000 -0.30000000 0.05700000 / 0.00000000 0.00000000 -1.00000000 / 255 255 255 255 / 0.15734860 0.22143550 / 1.00000000 0.00000000 0.00000000 -1.00000000
				0.05150000 -0.30000000 0.05700000 / 0.00000000 0.00000000 -1.00000000 / 255 255 255 255 / 0.15930180 0.22143550 / 1.00000000 0.00000000 0.00000000 -1.00000000
				0.05150000 -0.33000000 0.05700000 / 0.00000000 0.00000000 -1.00000000 / 255 255 255 255 / 0.15930180 0.22143550 / 1.00000000 0.00000000 0.00000000 -1.00000000
				0.04350000 -0.33000000 0.05700000 / 0.00000000 0.00000000 -1.00000000 / 255 255 255 255 / 0.15734860 0.22143550 / 1.00000000 0.00000000 0.00000000 -1.00000000
				0.17400000 -0.33000000 0.05700000 / 0.00000000 -1.00000000 0.00000000 / 255 255 255 255 / 0.18920900 0.22241210 / 1.00000000 0.00000000 0.00000000 1.00000000
				0.18200000 -0.33000000 0.05700000 / 0.00000000 -1.00000000 0.00000000 / 255 255 255 255 / 0.19116210 0.22241210 / 1.00000000 0.00000000 0.00000000 1.00000000
				0.18200000 -0.33000000 0.29700000 / 0.00000000 -1.00000000 0.00000000 / 255 255 255 255 / 0.19116210 0.16381840 / 1.00000000 0.00000000 0.00000000 1.00000000
				0.17400000 -0.33000000 0.29700000 / 0.00000000 -0.99999990 0.00000000 / 255 255 255 255 / 0.18920900 0.16381840 / 1.00000000 0.00000000 0.00000000 1.00000000
				0.18200000 -0.30000000 0.05700000 / 0.99999990 0.00000000 0.00000000 / 255 255 255 255 / 0.19018550 0.22241210 / 1.00000000 0.00000000 0.00000000 -1.00000000
				0.18200000 -0.30000000 0.29700000 / 0.99999990 0.00000000 0.00000000 / 255 255 255 255 / 0.19018550 0.16381840 / 1.00000000 0.00000000 0.00000000 -1.00000000
				0.18200000 -0.33000000 0.29700000 / 0.99999990 0.00000000 0.00000000 / 255 255 255 255 / 0.19018550 0.16381840 / 1.00000000 0.00000000 0.00000000 -1.00000000
				0.18200000 -0.33000000 0.05700000 / 1.00000000 0.00000000 0.00000000 / 255 255 255 255 / 0.19018550 0.22241210 / 1.00000000 0.00000000 0.00000000 -1.00000000
				0.17400000 -0.33000000 0.05700000 / -0.99999990 0.00000000 0.00000000 / 255 255 255 255 / 0.19018550 0.22241210 / 1.00000000 0.00000000 0.00000000 -1.00000000
				0.17400000 -0.33000000 0.29700000 / -0.99999990 0.00000000 0.00000000 / 255 255 255 255 / 0.19018550 0.16381840 / 1.00000000 0.00000000 0.00000000 -1.00000000
				0.17400000 -0.30000000 0.29700000 / -0.99999990 0.00000000 0.00000000 / 255 255 255 255 / 0.19018550 0.16381840 / 1.00000000 0.00000000 0.00000000 -1.00000000
				0.17400000 -0.30000000 0.05700000 / -1.00000000 0.00000000 0.00000000 / 255 255 255 255 / 0.19018550 0.22241210 / 1.00000000 0.00000000 0.00000000 -1.00000000
				0.17400000 -0.33000000 0.29700000 / 0.00000000 0.00000000 1.00000000 / 255 255 255 255 / 0.18920900 0.16479490 / 1.00000000 0.00000000 0.00000000 -1.00000000
				0.18200000 -0.33000000 0.29700000 / 0.00000000 0.00000000 1.00000000 / 255 255 255 255 / 0.19116210 0.16479490 / 1.00000000 0.00000000 0.00000000 -1.00000000
				0.18200000 -0.30000000 0.29700000 / 0.00000000 0.00000000 1.00000000 / 255 255 255 255 / 0.19116210 0.16479490 / 1.00000000 0.00000000 0.00000000 -1.00000000
				0.17400000 -0.30000000 0.29700000 / 0.00000000 0.00000000 1.00000000 / 255 255 255 255 / 0.18920900 0.16479490 / 1.00000000 0.00000000 0.00000000 -1.00000000
				0.17400000 -0.30000000 0.05700000 / 0.00000000 0.00000000 -1.00000000 / 255 255 255 255 / 0.18920900 0.22143550 / 1.00000000 0.00000000 0.00000000 -1.00000000
				0.18200000 -0.30000000 0.05700000 / 0.00000000 0.00000000 -1.00000000 / 255 255 255 255 / 0.19116210 0.22143550 / 1.00000000 0.00000000 0.00000000 -1.00000000
				0.18200000 -0.33000000 0.05700000 / 0.00000000 0.00000000 -1.00000000 / 255 255 255 255 / 0.19116210 0.22143550 / 1.00000000 0.00000000 0.00000000 -1.00000000
				0.17400000 -0.33000000 0.05700000 / 0.00000000 0.00000000 -1.00000000 / 255 255 255 255 / 0.18920900 0.22143550 / 1.00000000 0.00000000 0.00000000 -1.00000000
				-0.52500000 -0.34500000 -0.32400000 / 0.00000000 -1.00000000 0.00000000 / 255 255 255 255 / 0.01855469 0.31542970 / 1.00000000 0.00000000 0.00000000 1.00000000
				0.22500000 -0.34500000 -0.32400000 / 0.00000000 -1.00000000 0.00000000 / 255 255 255 255 / 0.20166020 0.31542970 / 1.00000000 0.00000000 0.00000000 1.00000000
				0.22500000 -0.34500000 -0.26500000 / 0.00000000 -1.00000000 0.00000000 / 255 255 255 255 / 0.20166020 0.30102540 / 1.00000000 0.00000000 0.00000000 1.00000000
				-0.52500000 -0.34500000 -0.26500000 / 0.00000000 -1.00000000 0.00000000 / 255 255 255 255 / 0.01855469 0.30102540 / 1.00000000 0.00000000 0.00000000 1.00000000
				-0.52500000 -0.34500000 -0.26500000 / 0.00000000 0.00000000 1.00000000 / 255 255 255 255 / 0.01855469 0.30200200 / 1.00000000 0.00000000 0.00000000 -1.00000000
				0.22500000 -0.34500000 -0.26500000 / 0.00000000 0.00000000 1.00000000 / 255 255 255 255 / 0.20166020 0.30200200 / 1.00000000 0.00000000 0.00000000 -1.00000000
				0.22500000 -0.30000000 -0.26500000 / 0.00000000 0.00000000 1.00000000 / 255 255 255 255 / 0.20166020 0.30200200 / 1.00000000 0.00000000 0.00000000 -1.00000000
				-0.52500000 -0.30000000 -0.26500000 / 0.00000000 0.00000000 1.00000000 / 255 255 255 255 / 0.01855469 0.30200200 / 1.00000000 0.00000000 0.00000000 -1.00000000
				-0.52500000 -0.30000000 -0.32400000 / 0.00000000 0.00000000 -1.00000000 / 255 255 255 255 / 0.01855469 0.31445310 / 1.00000000 0.00000000 0.00000000 -1.00000000
				0.22500000 -0.30000000 -0.32400000 / 0.00000000 0.00000000 -1.00000000 / 255 255 255 255 / 0.20166020 0.31445310 / 1.00000000 0.00000000 0.00000000 -1.00000000
				0.22500000 -0.34500000 -0.32400000 / 0.00000000 0.00000000 -1.00000000 / 255 255 255 255 / 0.20166020 0.31445310 / 1.00000000 0.00000000 0.00000000 -1.00000000
				-0.52500000 -0.34500000 -0.32400000 / 0.00000000 0.00000000 -1.00000000 / 255 255 255 255 / 0.01855469 0.31445310 / 1.00000000 0.00000000 0.00000000 -1.00000000
				-0.44800000 -0.35000000 -0.31600000 / 0.00000000 -1.00000000 0.00000000 / 255 255 255 255 / 0.03735352 0.31347660 / 1.00000000 0.00000000 0.00000000 1.00000000
				-0.38000000 -0.35000000 -0.31600000 / 0.00000000 -1.00000000 0.00000000 / 255 255 255 255 / 0.05395508 0.31347660 / 1.00000000 0.00000000 0.00000000 1.00000000
				-0.38000000 -0.35000000 -0.27600000 / 0.00000000 -1.00000000 0.00000000 / 255 255 255 255 / 0.05395508 0.30371100 / 1.00000000 0.00000000 0.00000000 1.00000000
				-0.44800000 -0.35000000 -0.27600000 / 0.00000000 -1.00000000 0.00000000 / 255 255 255 255 / 0.03735352 0.30371100 / 1.00000000 0.00000000 0.00000000 1.00000000
				-0.38000000 -0.34500000 -0.31600000 / 0.99999990 0.00000000 0.00000000 / 255 255 255 255 / 0.05297851 0.31347660 / 1.00000000 0.00000000 0.00000000 -1.00000000
				-0.38000000 -0.34500000 -0.27600000 / 0.99999990 0.00000000 0.00000000 / 255 255 255 255 / 0.05297851 0.30371100 / 1.00000000 0.00000000 0.00000000 -1.00000000
				-0.38000000 -0.35000000 -0.27600000 / 0.99999990 0.00000000 0.00000000 / 255 255 255 255 / 0.05297851 0.30371100 / 1.00000000 0.00000000 0.00000000 -1.00000000
				-0.38000000 -0.35000000 -0.31600000 / 0.99999990 0.00000000 0.00000000 / 255 255 255 255 / 0.05297851 0.31347660 / 1.00000000 0.00000000 0.00000000 -1.00000000
				-0.44800000 -0.35000000 -0.31600000 / -0.99999990 0.00000000 0.00000000 / 255 255 255 255 / 0.03833008 0.31347660 / 1.00000000 0.00000000 0.00000000 -1.00000000
				-0.44800000 -0.35000000 -0.27600000 / -0.99999990 0.00000000 0.00000000 / 255 255 255 255 / 0.03833008 0.30371100 / 1.00000000 0.00000000 0.00000000 -1.00000000
				-0.44800000 -0.34500000 -0.27600000 / -0.99999990 0.00000000 0.00000000 / 255 255 255 255 / 0.03833008 0.30371100 / 1.00000000 0.00000000 0.00000000 -1.00000000
				-0.44800000 -0.34500000 -0.31600000 / -0.99999990 0.00000000 0.00000000 / 255 255 255 255 / 0.03833008 0.31347660 / 1.00000000 0.00000000 0.00000000 -1.00000000
				-0.44800000 -0.35000000 -0.27600000 / 0.00000000 0.00000000 1.00000000 / 255 255 255 255 / 0.03735352 0.30468750 / 1.00000000 0.00000000 0.00000000 -1.00000000
				-0.38000000 -0.35000000 -0.27600000 / 0.00000000 0.00000000 1.00000000 / 255 255 255 255 / 0.05395508 0.30468750 / 1.00000000 0.00000000 0.00000000 -1.00000000
				-0.38000000 -0.34500000 -0.27600000 / 0.00000000 0.00000000 1.00000000 / 255 255 255 255 / 0.05395508 0.30468750 / 1.00000000 0.00000000 0.00000000 -1.00000000
				-0.44800000 -0.34500000 -0.27600000 / 0.00000000 0.00000000 1.00000000 / 255 255 255 255 / 0.03735352 0.30468750 / 1.00000000 0.00000000 0.00000000 -1.00000000
				-0.44800000 -0.34500000 -0.31600000 / 0.00000000 0.00000000 -1.00000000 / 255 255 255 255 / 0.03735352 0.31250000 / 1.00000000 0.00000000 0.00000000 -1.00000000
				-0.38000000 -0.34500000 -0.31600000 / 0.00000000 0.00000000 -1.00000000 / 255 255 255 255 / 0.05395508 0.31250000 / 1.00000000 0.00000000 0.00000000 -1.00000000
				-0.38000000 -0.35000000 -0.31600000 / 0.00000000 0.00000000 -1.00000000 / 255 255 255 255 / 0.05395508 0.31250000 / 1.00000000 0.00000000 0.00000000 -1.00000000
				-0.44800000 -0.35000000 -0.31600000 / 0.00000000 0.00000000 -1.00000000 / 255 255 255 255 / 0.03735352 0.31250000 / 1.00000000 0.00000000 0.00000000 -1.00000000
				-0.47150000 -0.31200000 -0.25100000 / 0.00000000 -1.00000000 0.00000000 / 255 255 255 255 / 0.03161621 0.29760740 / 0.99999990 0.00000000 0.00000000 1.00000000
				-0.35850000 -0.31200000 -0.25100000 / 0.00000000 -1.00000000 0.00000000 / 255 255 255 255 / 0.05920410 0.29760740 / 1.00000000 0.00000000 0.00000000 1.00000000
				-0.35850000 -0.31200000 -0.04100000 / 0.00000000 -1.00000000 0.00000000 / 255 255 255 255 / 0.05920410 0.24633790 / 0.99999990 0.00000000 0.00000000 1.00000000
				-0.47150000 -0.31200000 -0.04100000 / 0.00000000 -1.00000000 0.00000000 / 255 255 255 255 / 0.03161621 0.24633790 / 1.00000000 0.00000000 0.00000000 1.00000000
				-0.35850000 -0.30000000 -0.25100000 / 1.00000000 0.00000000 0.00000000 / 255 255 255 255 / 0.05822754 0.29760740 / 1.00000000 0.00000000 0.00000000 -1.00000000
				-0.35850000 -0.30000000 -0.04100000 / 1.00000000 0.00000000 0.00000000 / 255 255 255 255 / 0.05822754 0.24633790 / 1.00000000 0.00000000 0.00000000 -1.00000000
				-0.35850000 -0.31200000 -0.04100000 / 1.00000000 0.00000000 0.00000000 / 255 255 255 255 / 0.05822754 0.24633790 / 1.00000000 0.00000000 0.00000000 -1.00000000
				-0.35850000 -0.31200000 -0.25100000 / 1.00000000 0.00000000 0.00000000 / 255 255 255 255 / 0.05822754 0.29760740 / 1.00000000 0.00000000 0.00000000 -1.00000000
				-0.47150000 -0.31200000 -0.25100000 / -1.00000000 0.00000000 0.00000000 / 255 255 255 255 / 0.03259278 0.29760740 / 1.00000000 0.00000000 0.00000000 -1.00000000
				-0.47150000 -0.31200000 -0.04100000 / -1.00000000 0.00000000 0.00000000 / 255 255 255 255 / 0.03259278 0.24633790 / 1.00000000 0.00000000 0.00000000 -1.00000000
				-0.47150000 -0.30000000 -0.04100000 / -1.00000000 0.00000000 0.00000000 / 255 255 255 255 / 0.03259278 0.24633790 / 1.00000000 0.00000000 0.00000000 -1.00000000
				-0.47150000 -0.30000000 -0.25100000 / -1.00000000 0.00000000 0.00000000 / 255 255 255 255 / 0.03259278 0.29760740 / 1.00000000 0.00000000 0.00000000 -1.00000000
				-0.47150000 -0.31200000 -0.04100000 / 0.00000000 0.00000000 0.99999990 / 255 255 255 255 / 0.03161621 0.24731450 / 1.00000000 0.00000000 0.00000000 -1.00000000
				-0.35850000 -0.31200000 -0.04100000 / 0.00000000 0.00000000 0.99999990 / 255 255 255 255 / 0.05920410 0.24731450 / 1.00000000 0.00000000 0.00000000 -1.00000000
				-0.35850000 -0.30000000 -0.04100000 / 0.00000000 0.00000000 0.99999990 / 255 255 255 255 / 0.05920410 0.24731450 / 1.00000000 0.00000000 0.00000000 -1.00000000
				-0.47150000 -0.30000000 -0.04100000 / 0.00000000 0.00000000 1.00000000 / 255 255 255 255 / 0.03161621 0.24731450 / 1.00000000 0.00000000 0.00000000 -1.00000000
				-0.47150000 -0.30000000 -0.25100000 / 0.00000000 0.00000000 -1.00000000 / 255 255 255 255 / 0.03161621 0.29663090 / 1.00000000 0.00000000 0.00000000 -1.00000000
				-0.35850000 -0.30000000 -0.25100000 / 0.00000000 0.00000000 -1.00000000 / 255 255 255 255 / 0.05920410 0.29663090 / 1.00000000 0.00000000 0.00000000 -1.00000000
				-0.35850000 -0.31200000 -0.25100000 / 0.00000000 0.00000000 -1.00000000 / 255 255 255 255 / 0.05920410 0.29663090 / 1.00000000 0.00000000 0.00000000 -1.00000000
				-0.47150000 -0.31200000 -0.25100000 / 0.00000000 0.00000000 -0.99999990 / 255 255 255 255 / 0.03161621 0.29663090 / 1.00000000 0.00000000 0.00000000 -1.00000000
				-0.31300000 -0.35000000 -0.31600000 / 0.00000000 -1.00000000 0.00000000 / 255 255 255 255 / 0.07031250 0.31347660 / 1.00000000 0.00000000 0.00000000 1.00000000
				-0.24500000 -0.35000000 -0.31600000 / 0.00000000 -1.00000000 0.00000000 / 255 255 255 255 / 0.08691406 0.31347660 / 1.00000000 0.00000000 0.00000000 1.00000000
				-0.24500000 -0.35000000 -0.27600000 / 0.00000000 -1.00000000 0.00000000 / 255 255 255 255 / 0.08691406 0.30371100 / 1.00000000 0.00000000 0.00000000 1.00000000
				-0.31300000 -0.35000000 -0.27600000 / 0.00000000 -1.00000000 0.00000000 / 255 255 255 255 / 0.07031250 0.30371100 / 1.00000000 0.00000000 0.00000000 1.00000000
				-0.24500000 -0.34500000 -0.31600000 / 0.99999990 0.00000000 0.00000000 / 255 255 255 255 / 0.08593750 0.31347660 / 1.00000000 0.00000000 0.00000000 -1.00000000
				-0.24500000 -0.34500000 -0.27600000 / 0.99999990 0.00000000 0.00000000 / 255 255 255 255 / 0.08593750 0.30371100 / 1.00000000 0.00000000 0.00000000 -1.00000000
				-0.24500000 -0.35000000 -0.27600000 / 0.99999990 0.00000000 0.00000000 / 255 255 255 255 / 0.08593750 0.30371100 / 1.00000000 0.00000000 0.00000000 -1.00000000
				-0.24500000 -0.35000000 -0.31600000 / 0.99999990 0.00000000 0.00000000 / 255 255 255 255 / 0.08593750 0.31347660 / 1.00000000 0.00000000 0.00000000 -1.00000000
				-0.31300000 -0.35000000 -0.31600000 / -0.99999990 0.00000000 0.00000000 / 255 255 255 255 / 0.07128906 0.31347660 / 1.00000000 0.00000000 0.00000000 -1.00000000
				-0.31300000 -0.35000000 -0.27600000 / -0.99999990 0.00000000 0.00000000 / 255 255 255 255 / 0.07128906 0.30371100 / 1.00000000 0.00000000 0.00000000 -1.00000000
				-0.31300000 -0.34500000 -0.27600000 / -0.99999990 0.00000000 0.00000000 / 255 255 255 255 / 0.07128906 0.30371100 / 1.00000000 0.00000000 0.00000000 -1.00000000
				-0.31300000 -0.34500000 -0.31600000 / -0.99999990 0.00000000 0.00000000 / 255 255 255 255 / 0.07128906 0.31347660 / 1.00000000 0.00000000 0.00000000 -1.00000000
				-0.31300000 -0.35000000 -0.27600000 / 0.00000000 0.00000000 1.00000000 / 255 255 255 255 / 0.07031250 0.30468750 / 1.00000000 0.00000000 0.00000000 -1.00000000
				-0.24500000 -0.35000000 -0.27600000 / 0.00000000 0.00000000 1.00000000 / 255 255 255 255 / 0.08691406 0.30468750 / 1.00000000 0.00000000 0.00000000 -1.00000000
				-0.24500000 -0.34500000 -0.27600000 / 0.00000000 0.00000000 1.00000000 / 255 255 255 255 / 0.08691406 0.30468750 / 1.00000000 0.00000000 0.00000000 -1.00000000
				-0.31300000 -0.34500000 -0.27600000 / 0.00000000 0.00000000 1.00000000 / 255 255 255 255 / 0.07031250 0.30468750 / 1.00000000 0.00000000 0.00000000 -1.00000000
				-0.31300000 -0.34500000 -0.31600000 / 0.00000000 0.00000000 -1.00000000 / 255 255 255 255 / 0.07031250 0.31250000 / 1.00000000 0.00000000 0.00000000 -1.00000000
				-0.24500000 -0.34500000 -0.31600000 / 0.00000000 0.00000000 -1.00000000 / 255 255 255 255 / 0.08691406 0.31250000 / 1.00000000 0.00000000 0.00000000 -1.00000000
				-0.24500000 -0.35000000 -0.31600000 / 0.00000000 0.00000000 -1.00000000 / 255 255 255 255 / 0.08691406 0.31250000 / 1.00000000 0.00000000 0.00000000 -1.00000000
				-0.31300000 -0.35000000 -0.31600000 / 0.00000000 0.00000000 -1.00000000 / 255 255 255 255 / 0.07031250 0.31250000 / 1.00000000 0.00000000 0.00000000 -1.00000000
				-0.33650000 -0.31200000 -0.25100000 / 0.00000000 -1.00000000 0.00000000 / 255 255 255 255 / 0.06457520 0.29760740 / 1.00000000 0.00000000 0.00000000 1.00000000
				-0.22550000 -0.31200000 -0.25100000 / 0.00000000 -1.00000000 0.00000000 / 255 255 255 255 / 0.09167481 0.29760740 / 1.00000000 0.00000000 0.00000000 1.00000000
				-0.22550000 -0.31200000 -0.04400000 / 0.00000000 -1.00000000 0.00000000 / 255 255 255 255 / 0.09167481 0.24707030 / 1.00000000 0.00000000 0.00000000 1.00000000
				-0.33650000 -0.31200000 -0.04400000 / 0.00000000 -1.00000000 0.00000000 / 255 255 255 255 / 0.06457520 0.24707030 / 1.00000000 0.00000000 0.00000000 1.00000000
				-0.22550000 -0.30000000 -0.25100000 / 1.00000000 0.00000000 0.00000000 / 255 255 255 255 / 0.09069824 0.29760740 / 1.00000000 0.00000000 0.00000000 -1.00000000
				-0.22550000 -0.30000000 -0.04400000 / 1.00000000 0.00000000 0.00000000 / 255 255 255 255 / 0.09069824 0.24707030 / 1.00000000 0.00000000 0.00000000 -1.00000000
				-0.22550000 -0.31200000 -0.04400000 / 1.00000000 0.00000000 0.00000000 / 255 255 255 255 / 0.09069824 0.24707030 / 1.00000000 0.00000000 0.00000000 -1.00000000
				-0.22550000 -0.31200000 -0.25100000 / 1.00000000 0.00000000 0.00000000 / 255 255 255 255 / 0.09069824 0.29760740 / 1.00000000 0.00000000 0.00000000 -1.00000000
				-0.33650000 -0.31200000 -0.25100000 / -1.00000000 0.00000000 0.00000000 / 255 255 255 255 / 0.06555176 0.29760740 / 1.00000000 0.00000000 0.00000000 -1.00000000
				-0.33650000 -0.31200000 -0.04400000 / -1.00000000 0.00000000 0.00000000 / 255 255 255 255 / 0.06555176 0.24707030 / 1.00000000 0.00000000 0.00000000 -1.00000000
				-0.33650000 -0.30000000 -0.04400000 / -1.00000000 0.00000000 0.00000000 / 255 255 255 255 / 0.06555176 0.24707030 / 1.00000000 0.00000000 0.00000000 -1.00000000
				-0.33650000 -0.30000000 -0.25100000 / -1.00000000 0.00000000 0.00000000 / 255 255 255 255 / 0.06555176 0.29760740 / 1.00000000 0.00000000 0.00000000 -1.00000000
				-0.33650000 -0.31200000 -0.04400000 / 0.00000000 0.00000000 0.99999990 / 255 255 255 255 / 0.06457520 0.24804690 / 1.00000000 0.00000000 0.00000000 -1.00000000
				-0.22550000 -0.31200000 -0.04400000 / 0.00000000 0.00000000 0.99999990 / 255 255 255 255 / 0.09167481 0.24804690 / 1.00000000 0.00000000 0.00000000 -1.00000000
				-0.22550000 -0.30000000 -0.04400000 / 0.00000000 0.00000000 0.99999990 / 255 255 255 255 / 0.09167481 0.24804690 / 1.00000000 0.00000000 0.00000000 -1.00000000
				-0.33650000 -0.30000000 -0.04400000 / 0.00000000 0.00000000 1.00000000 / 255 255 255 255 / 0.06457520 0.24804690 / 1.00000000 0.00000000 0.00000000 -1.00000000
				-0.33650000 -0.30000000 -0.25100000 / 0.00000000 0.00000000 -1.00000000 / 255 255 255 255 / 0.06457520 0.29663090 / 1.00000000 0.00000000 0.00000000 -1.00000000
				-0.22550000 -0.30000000 -0.25100000 / 0.00000000 0.00000000 -1.00000000 / 255 255 255 255 / 0.09167481 0.29663090 / 1.00000000 0.00000000 0.00000000 -1.00000000
				-0.22550000 -0.31200000 -0.25100000 / 0.00000000 0.00000000 -1.00000000 / 255 255 255 255 / 0.09167481 0.29663090 / 1.00000000 0.00000000 0.00000000 -1.00000000
				-0.33650000 -0.31200000 -0.25100000 / 0.00000000 0.00000000 -0.99999990 / 255 255 255 255 / 0.06457520 0.29663090 / 1.00000000 0.00000000 0.00000000 -1.00000000
				-0.18000000 -0.35000000 -0.31600000 / 0.00000000 -1.00000000 0.00000000 / 255 255 255 255 / 0.10278320 0.31347660 / 1.00000000 0.00000000 0.00000000 1.00000000
				-0.11000000 -0.35000000 -0.31600000 / 0.00000000 -1.00000000 0.00000000 / 255 255 255 255 / 0.11987300 0.31347660 / 1.00000000 0.00000000 0.00000000 1.00000000
				-0.11000000 -0.35000000 -0.27600000 / 0.00000000 -1.00000000 0.00000000 / 255 255 255 255 / 0.11987300 0.30371100 / 1.00000000 0.00000000 0.00000000 1.00000000
				-0.18000000 -0.35000000 -0.27600000 / 0.00000000 -1.00000000 0.00000000 / 255 255 255 255 / 0.10278320 0.30371100 / 1.00000000 0.00000000 0.00000000 1.00000000
				-0.11000000 -0.34500000 -0.31600000 / 0.99999990 0.00000000 0.00000000 / 255 255 255 255 / 0.11889650 0.31347660 / 1.00000000 0.00000000 0.00000000 -1.00000000
				-0.11000000 -0.34500000 -0.27600000 / 0.99999990 0.00000000 0.00000000 / 255 255 255 255 / 0.11889650 0.30371100 / 1.00000000 0.00000000 0.00000000 -1.00000000
				-0.11000000 -0.35000000 -0.27600000 / 0.99999990 0.00000000 0.00000000 / 255 255 255 255 / 0.11889650 0.30371100 / 1.00000000 0.00000000 0.00000000 -1.00000000
				-0.11000000 -0.35000000 -0.31600000 / 0.99999990 0.00000000 0.00000000 / 255 255 255 255 / 0.11889650 0.31347660 / 1.00000000 0.00000000 0.00000000 -1.00000000
				-0.18000000 -0.35000000 -0.31600000 / -0.99999990 0.00000000 0.00000000 / 255 255 255 255 / 0.10375980 0.31347660 / 1.00000000 0.00000000 0.00000000 -1.00000000
				-0.18000000 -0.35000000 -0.27600000 / -0.99999990 0.00000000 0.00000000 / 255 255 255 255 / 0.10375980 0.30371100 / 1.00000000 0.00000000 0.00000000 -1.00000000
				-0.18000000 -0.34500000 -0.27600000 / -0.99999990 0.00000000 0.00000000 / 255 255 255 255 / 0.10375980 0.30371100 / 1.00000000 0.00000000 0.00000000 -1.00000000
				-0.18000000 -0.34500000 -0.31600000 / -0.99999990 0.00000000 0.00000000 / 255 255 255 255 / 0.10375980 0.31347660 / 1.00000000 0.00000000 0.00000000 -1.00000000
				-0.18000000 -0.35000000 -0.27600000 / 0.00000000 0.00000000 1.00000000 / 255 255 255 255 / 0.10278320 0.30468750 / 1.00000000 0.00000000 0.00000000 -1.00000000
				-0.11000000 -0.35000000 -0.27600000 / 0.00000000 0.00000000 1.00000000 / 255 255 255 255 / 0.11987300 0.30468750 / 1.00000000 0.00000000 0.00000000 -1.00000000
				-0.11000000 -0.34500000 -0.27600000 / 0.00000000 0.00000000 1.00000000 / 255 255 255 255 / 0.11987300 0.30468750 / 1.00000000 0.00000000 0.00000000 -1.00000000
				-0.18000000 -0.34500000 -0.27600000 / 0.00000000 0.00000000 1.00000000 / 255 255 255 255 / 0.10278320 0.30468750 / 1.00000000 0.00000000 0.00000000 -1.00000000
				-0.18000000 -0.34500000 -0.31600000 / 0.00000000 0.00000000 -1.00000000 / 255 255 255 255 / 0.10278320 0.31250000 / 1.00000000 0.00000000 0.00000000 -1.00000000
				-0.11000000 -0.34500000 -0.31600000 / 0.00000000 0.00000000 -1.00000000 / 255 255 255 255 / 0.11987300 0.31250000 / 1.00000000 0.00000000 0.00000000 -1.00000000
				-0.11000000 -0.35000000 -0.31600000 / 0.00000000 0.00000000 -1.00000000 / 255 255 255 255 / 0.11987300 0.31250000 / 1.00000000 0.00000000 0.00000000 -1.00000000
				-0.18000000 -0.35000000 -0.31600000 / 0.00000000 0.00000000 -1.00000000 / 255 255 255 255 / 0.10278320 0.31250000 / 1.00000000 0.00000000 0.00000000 -1.00000000
				-0.20450000 -0.31200000 -0.25100000 / 0.00000000 -1.00000000 0.00000000 / 255 255 255 255 / 0.09680176 0.29760740 / 1.00000000 0.00000000 0.00000000 1.00000000
				-0.09550000 -0.31200000 -0.25100000 / 0.00000000 -1.00000000 0.00000000 / 255 255 255 255 / 0.12341310 0.29760740 / 1.00000000 0.00000000 0.00000000 1.00000000
				-0.09550000 -0.31200000 -0.04700000 / 0.00000000 -1.00000000 0.00000000 / 255 255 255 255 / 0.12341310 0.24780270 / 1.00000000 0.00000000 0.00000000 1.00000000
				-0.20450000 -0.31200000 -0.04700000 / 0.00000000 -1.00000000 0.00000000 / 255 255 255 255 / 0.09680176 0.24780270 / 1.00000000 0.00000000 0.00000000 1.00000000
				-0.09550000 -0.30000000 -0.25100000 / 0.99999990 0.00000000 0.00000000 / 255 255 255 255 / 0.12243650 0.29760740 / 1.00000000 0.00000000 0.00000000 -1.00000000
				-0.09550000 -0.30000000 -0.04700000 / 0.99999990 0.00000000 0.00000000 / 255 255 255 255 / 0.12243650 0.24780270 / 1.00000000 0.00000000 0.00000000 -1.00000000
				-0.09550000 -0.31200000 -0.04700000 / 0.99999990 0.00000000 0.00000000 / 255 255 255 255 / 0.12243650 0.24780270 / 1.00000000 0.00000000 0.00000000 -1.00000000
				-0.09550000 -0.31200000 -0.25100000 / 1.00000000 0.00000000 0.00000000 / 255 255 255 255 / 0.12243650 0.29760740 / 1.00000000 0.00000000 0.00000000 -1.00000000
				-0.20450000 -0.31200000 -0.25100000 / -0.99999990 0.00000000 0.00000000 / 255 255 255 255 / 0.09777832 0.29760740 / 1.00000000 0.00000000 0.00000000 -1.00000000
				-0.20450000 -0.31200000 -0.04700000 / -0.99999990 0.00000000 0.00000000 / 255 255 255 255 / 0.09777832 0.24780270 / 1.00000000 0.00000000 0.00000000 -1.00000000
				-0.20450000 -0.30000000 -0.04700000 / -0.99999990 0.00000000 0.00000000 / 255 255 255 255 / 0.09777832 0.24780270 / 1.00000000 0.00000000 0.00000000 -1.00000000
				-0.20450000 -0.30000000 -0.25100000 / -1.00000000 0.00000000 0.00000000 / 255 255 255 255 / 0.09777832 0.29760740 / 1.00000000 0.00000000 0.00000000 -1.00000000
				-0.20450000 -0.31200000 -0.04700000 / 0.00000000 0.00000000 0.99999990 / 255 255 255 255 / 0.09680176 0.24877930 / 1.00000000 0.00000000 0.00000000 -1.00000000
				-0.09550000 -0.31200000 -0.04700000 / 0.00000000 0.00000000 0.99999990 / 255 255 255 255 / 0.12341310 0.24877930 / 1.00000000 0.00000000 0.00000000 -1.00000000
				-0.09550000 -0.30000000 -0.04700000 / 0.00000000 0.00000000 0.99999990 / 255 255 255 255 / 0.12341310 0.24877930 / 1.00000000 0.00000000 0.00000000 -1.00000000
				-0.20450000 -0.30000000 -0.04700000 / 0.00000000 0.00000000 1.00000000 / 255 255 255 255 / 0.09680176 0.24877930 / 1.00000000 0.00000000 0.00000000 -1.00000000
				-0.20450000 -0.30000000 -0.25100000 / 0.00000000 0.00000000 -1.00000000 / 255 255 255 255 / 0.09680176 0.29663090 / 1.00000000 0.00000000 0.00000000 -1.00000000
				-0.09550000 -0.30000000 -0.25100000 / 0.00000000 0.00000000 -1.00000000 / 255 255 255 255 / 0.12341310 0.29663090 / 1.00000000 0.00000000 0.00000000 -1.00000000
				-0.09550000 -0.31200000 -0.25100000 / 0.00000000 0.00000000 -1.00000000 / 255 255 255 255 / 0.12341310 0.29663090 / 1.00000000 0.00000000 0.00000000 -1.00000000
				-0.20450000 -0.31200000 -0.25100000 / 0.00000000 0.00000000 -0.99999990 / 255 255 255 255 / 0.09680176 0.29663090 / 1.00000000 0.00000000 0.00000000 -1.00000000
				-0.04800000 -0.35000000 -0.31600000 / 0.00000000 -1.00000000 0.00000000 / 255 255 255 255 / 0.13500980 0.31347660 / 1.00000000 0.00000000 0.00000000 1.00000000
				0.02200000 -0.35000000 -0.31600000 / 0.00000000 -1.00000000 0.00000000 / 255 255 255 255 / 0.15209960 0.31347660 / 1.00000000 0.00000000 0.00000000 1.00000000
				0.02200000 -0.35000000 -0.27600000 / 0.00000000 -1.00000000 0.00000000 / 255 255 255 255 / 0.15209960 0.30371100 / 1.00000000 0.00000000 0.00000000 1.00000000
				-0.04800000 -0.35000000 -0.27600000 / 0.00000000 -1.00000000 0.00000000 / 255 255 255 255 / 0.13500980 0.30371100 / 1.00000000 0.00000000 0.00000000 1.00000000
				0.02200000 -0.34500000 -0.31600000 / 0.99999990 0.00000000 0.00000000 / 255 255 255 255 / 0.15112300 0.31347660 / 1.00000000 0.00000000 0.00000000 -1.00000000
				0.02200000 -0.34500000 -0.27600000 / 0.99999990 0.00000000 0.00000000 / 255 255 255 255 / 0.15112300 0.30371100 / 1.00000000 0.00000000 0.00000000 -1.00000000
				0.02200000 -0.35000000 -0.27600000 / 0.99999990 0.00000000 0.00000000 / 255 255 255 255 / 0.15112300 0.30371100 / 1.00000000 0.00000000 0.00000000 -1.00000000
				0.02200000 -0.35000000 -0.31600000 / 0.99999990 0.00000000 0.00000000 / 255 255 255 255 / 0.15112300 0.31347660 / 1.00000000 0.00000000 0.00000000 -1.00000000
				-0.04800000 -0.35000000 -0.31600000 / -0.99999990 0.00000000 0.00000000 / 255 255 255 255 / 0.13598630 0.31347660 / 1.00000000 0.00000000 0.00000000 -1.00000000
				-0.04800000 -0.35000000 -0.27600000 / -0.99999990 0.00000000 0.00000000 / 255 255 255 255 / 0.13598630 0.30371100 / 1.00000000 0.00000000 0.00000000 -1.00000000
				-0.04800000 -0.34500000 -0.27600000 / -0.99999990 0.00000000 0.00000000 / 255 255 255 255 / 0.13598630 0.30371100 / 1.00000000 0.00000000 0.00000000 -1.00000000
				-0.04800000 -0.34500000 -0.31600000 / -0.99999990 0.00000000 0.00000000 / 255 255 255 255 / 0.13598630 0.31347660 / 1.00000000 0.00000000 0.00000000 -1.00000000
				-0.04800000 -0.35000000 -0.27600000 / 0.00000000 0.00000000 1.00000000 / 255 255 255 255 / 0.13500980 0.30468750 / 1.00000000 0.00000000 0.00000000 -1.00000000
				0.02200000 -0.35000000 -0.27600000 / 0.00000000 0.00000000 1.00000000 / 255 255 255 255 / 0.15209960 0.30468750 / 1.00000000 0.00000000 0.00000000 -1.00000000
				0.02200000 -0.34500000 -0.27600000 / 0.00000000 0.00000000 1.00000000 / 255 255 255 255 / 0.15209960 0.30468750 / 1.00000000 0.00000000 0.00000000 -1.00000000
				-0.04800000 -0.34500000 -0.27600000 / 0.00000000 0.00000000 1.00000000 / 255 255 255 255 / 0.13500980 0.30468750 / 1.00000000 0.00000000 0.00000000 -1.00000000
				-0.04800000 -0.34500000 -0.31600000 / 0.00000000 0.00000000 -1.00000000 / 255 255 255 255 / 0.13500980 0.31250000 / 1.00000000 0.00000000 0.00000000 -1.00000000
				0.02200000 -0.34500000 -0.31600000 / 0.00000000 0.00000000 -1.00000000 / 255 255 255 255 / 0.15209960 0.31250000 / 1.00000000 0.00000000 0.00000000 -1.00000000
				0.02200000 -0.35000000 -0.31600000 / 0.00000000 0.00000000 -1.00000000 / 255 255 255 255 / 0.15209960 0.31250000 / 1.00000000 0.00000000 0.00000000 -1.00000000
				-0.04800000 -0.35000000 -0.31600000 / 0.00000000 0.00000000 -1.00000000 / 255 255 255 255 / 0.13500980 0.31250000 / 1.00000000 0.00000000 0.00000000 -1.00000000
				-0.07150000 -0.31200000 -0.25100000 / 0.00000000 -1.00000000 0.00000000 / 255 255 255 255 / 0.12927250 0.29760740 / 1.00000000 0.00000000 0.00000000 1.00000000
				0.03650000 -0.31200000 -0.25100000 / 0.00000000 -1.00000000 0.00000000 / 255 255 255 255 / 0.15563970 0.29760740 / 1.00000000 0.00000000 0.00000000 1.00000000
				0.03650000 -0.31200000 -0.04900000 / 0.00000000 -1.00000000 0.00000000 / 255 255 255 255 / 0.15563970 0.24829100 / 1.00000000 0.00000000 0.00000000 1.00000000
				-0.07150000 -0.31200000 -0.04900000 / 0.00000000 -1.00000000 0.00000000 / 255 255 255 255 / 0.12927250 0.24829100 / 1.00000000 0.00000000 0.00000000 1.00000000
				0.03650000 -0.30000000 -0.25100000 / 1.00000000 0.00000000 0.00000000 / 255 255 255 255 / 0.15466310 0.29760740 / 1.00000000 0.00000000 0.00000000 -1.00000000
				0.03650000 -0.30000000 -0.04900000 / 1.00000000 0.00000000 0.00000000 / 255 255 255 255 / 0.15466310 0.24829100 / 1.00000000 0.00000000 0.00000000 -1.00000000
				0.03650000 -0.31200000 -0.04900000 / 1.00000000 0.00000000 0.00000000 / 255 255 255 255 / 0.15466310 0.24829100 / 1.00000000 0.00000000 0.00000000 -1.00000000
				0.03650000 -0.31200000 -0.25100000 / 1.00000000 0.00000000 0.00000000 / 255 255 255 255 / 0.15466310 0.29760740 / 1.00000000 0.00000000 0.00000000 -1.00000000
				-0.07150000 -0.31200000 -0.25100000 / -1.00000000 0.00000000 0.00000000 / 255 255 255 255 / 0.13024900 0.29760740 / 1.00000000 0.00000000 0.00000000 -1.00000000
				-0.07150000 -0.31200000 -0.04900000 / -1.00000000 0.00000000 0.00000000 / 255 255 255 255 / 0.13024900 0.24829100 / 1.00000000 0.00000000 0.00000000 -1.00000000
				-0.07150000 -0.30000000 -0.04900000 / -1.00000000 0.00000000 0.00000000 / 255 255 255 255 / 0.13024900 0.24829100 / 1.00000000 0.00000000 0.00000000 -1.00000000
				-0.07150000 -0.30000000 -0.25100000 / -1.00000000 0.00000000 0.00000000 / 255 255 255 255 / 0.13024900 0.29760740 / 1.00000000 0.00000000 0.00000000 -1.00000000
				-0.07150000 -0.31200000 -0.04900000 / 0.00000000 0.00000000 0.99999990 / 255 255 255 255 / 0.12927250 0.24926760 / 1.00000000 0.00000000 0.00000000 -1.00000000
				0.03650000 -0.31200000 -0.04900000 / 0.00000000 0.00000000 0.99999990 / 255 255 255 255 / 0.15563970 0.24926760 / 1.00000000 0.00000000 0.00000000 -1.00000000
				0.03650000 -0.30000000 -0.04900000 / 0.00000000 0.00000000 0.99999990 / 255 255 255 255 / 0.15563970 0.24926760 / 1.00000000 0.00000000 0.00000000 -1.00000000
				-0.07150000 -0.30000000 -0.04900000 / 0.00000000 0.00000000 1.00000000 / 255 255 255 255 / 0.12927250 0.24926760 / 1.00000000 0.00000000 0.00000000 -1.00000000
				-0.07150000 -0.30000000 -0.25100000 / 0.00000000 0.00000000 -1.00000000 / 255 255 255 255 / 0.12927250 0.29663090 / 1.00000000 0.00000000 0.00000000 -1.00000000
				0.03650000 -0.30000000 -0.25100000 / 0.00000000 0.00000000 -1.00000000 / 255 255 255 255 / 0.15563970 0.29663090 / 1.00000000 0.00000000 0.00000000 -1.00000000
				0.03650000 -0.31200000 -0.25100000 / 0.00000000 0.00000000 -1.00000000 / 255 255 255 255 / 0.15563970 0.29663090 / 1.00000000 0.00000000 0.00000000 -1.00000000
				-0.07150000 -0.31200000 -0.25100000 / 0.00000000 0.00000000 -0.99999990 / 255 255 255 255 / 0.12927250 0.29663090 / 1.00000000 0.00000000 0.00000000 -1.00000000
				0.07700000 -0.35000000 -0.31600000 / 0.00000000 -1.00000000 0.00000000 / 255 255 255 255 / 0.16552730 0.31347660 / 1.00000000 0.00000000 0.00000000 1.00000000
				0.15000000 -0.35000000 -0.31600000 / 0.00000000 -1.00000000 0.00000000 / 255 255 255 255 / 0.18334960 0.31347660 / 1.00000000 0.00000000 0.00000000 1.00000000
				0.15000000 -0.35000000 -0.27600000 / 0.00000000 -1.00000000 0.00000000 / 255 255 255 255 / 0.18334960 0.30371100 / 1.00000000 0.00000000 0.00000000 1.00000000
				0.07700000 -0.35000000 -0.27600000 / 0.00000000 -1.00000000 0.00000000 / 255 255 255 255 / 0.16552730 0.30371100 / 1.00000000 0.00000000 0.00000000 1.00000000
				0.15000000 -0.34500000 -0.31600000 / 0.99999990 0.00000000 0.00000000 / 255 255 255 255 / 0.18237300 0.31347660 / 1.00000000 0.00000000 0.00000000 -1.00000000
				0.15000000 -0.34500000 -0.27600000 / 0.99999990 0.00000000 0.00000000 / 255 255 255 255 / 0.18237300 0.30371100 / 1.00000000 0.00000000 0.00000000 -1.00000000
				0.15000000 -0.35000000 -0.27600000 / 0.99999990 0.00000000 0.00000000 / 255 255 255 255 / 0.18237300 0.30371100 / 1.00000000 0.00000000 0.00000000 -1.00000000
				0.15000000 -0.35000000 -0.31600000 / 0.99999990 0.00000000 0.00000000 / 255 255 255 255 / 0.18237300 0.31347660 / 1.00000000 0.00000000 0.00000000 -1.00000000
				0.07700000 -0.35000000 -0.31600000 / -0.99999990 0.00000000 0.00000000 / 255 255 255 255 / 0.16650390 0.31347660 / 1.00000000 0.00000000 0.00000000 -1.00000000
				0.07700000 -0.35000000 -0.27600000 / -0.99999990 0.00000000 0.00000000 / 255 255 255 255 / 0.16650390 0.30371100 / 1.00000000 0.00000000 0.00000000 -1.00000000
				0.07700000 -0.34500000 -0.27600000 / -0.99999990 0.00000000 0.00000000 / 255 255 255 255 / 0.16650390 0.30371100 / 1.00000000 0.00000000 0.00000000 -1.00000000
				0.07700000 -0.34500000 -0.31600000 / -0.99999990 0.00000000 0.00000000 / 255 255 255 255 / 0.16650390 0.31347660 / 1.00000000 0.00000000 0.00000000 -1.00000000
				0.07700000 -0.35000000 -0.27600000 / 0.00000000 0.00000000 1.00000000 / 255 255 255 255 / 0.16552730 0.30468750 / 1.00000000 0.00000000 0.00000000 -1.00000000
				0.15000000 -0.35000000 -0.27600000 / 0.00000000 0.00000000 1.00000000 / 255 255 255 255 / 0.18334960 0.30468750 / 1.00000000 0.00000000 0.00000000 -1.00000000
				0.15000000 -0.34500000 -0.27600000 / 0.00000000 0.00000000 1.00000000 / 255 255 255 255 / 0.18334960 0.30468750 / 1.00000000 0.00000000 0.00000000 -1.00000000
				0.07700000 -0.34500000 -0.27600000 / 0.00000000 0.00000000 1.00000000 / 255 255 255 255 / 0.16552730 0.30468750 / 1.00000000 0.00000000 0.00000000 -1.00000000
				0.07700000 -0.34500000 -0.31600000 / 0.00000000 0.00000000 -1.00000000 / 255 255 255 255 / 0.16552730 0.31250000 / 1.00000000 0.00000000 0.00000000 -1.00000000
				0.15000000 -0.34500000 -0.31600000 / 0.00000000 0.00000000 -1.00000000 / 255 255 255 255 / 0.18334960 0.31250000 / 1.00000000 0.00000000 0.00000000 -1.00000000
				0.15000000 -0.35000000 -0.31600000 / 0.00000000 0.00000000 -1.00000000 / 255 255 255 255 / 0.18334960 0.31250000 / 1.00000000 0.00000000 0.00000000 -1.00000000
				0.07700000 -0.35000000 -0.31600000 / 0.00000000 0.00000000 -1.00000000 / 255 255 255 255 / 0.16552730 0.31250000 / 1.00000000 0.00000000 0.00000000 -1.00000000
				0.05850000 -0.31200000 -0.25100000 / 0.00000000 -1.00000000 0.00000000 / 255 255 255 255 / 0.16101070 0.29760740 / 1.00000000 0.00000000 0.00000000 1.00000000
				0.16350000 -0.31200000 -0.25100000 / 0.00000000 -1.00000000 0.00000000 / 255 255 255 255 / 0.18664550 0.29760740 / 1.00000000 0.00000000 0.00000000 1.00000000
				0.16350000 -0.31200000 -0.05500000 / 0.00000000 -1.00000000 0.00000000 / 255 255 255 255 / 0.18664550 0.24975590 / 1.00000000 0.00000000 0.00000000 1.00000000
				0.05850000 -0.31200000 -0.05500000 / 0.00000000 -1.00000000 0.00000000 / 255 255 255 255 / 0.16101070 0.24975590 / 1.00000000 0.00000000 0.00000000 1.00000000
				0.16350000 -0.30000000 -0.25100000 / 1.00000000 0.00000000 0.00000000 / 255 255 255 255 / 0.18566890 0.29760740 / 1.00000000 0.00000000 0.00000000 -1.00000000
				0.16350000 -0.30000000 -0.05500000 / 1.00000000 0.00000000 0.00000000 / 255 255 255 255 / 0.18566890 0.24975590 / 1.00000000 0.00000000 0.00000000 -1.00000000
				0.16350000 -0.31200000 -0.05500000 / 1.00000000 0.00000000 0.00000000 / 255 255 255 255 / 0.18566890 0.24975590 / 1.00000000 0.00000000 0.00000000 -1.00000000
				0.16350000 -0.31200000 -0.25100000 / 1.00000000 0.00000000 0.00000000 / 255 255 255 255 / 0.18566890 0.29760740 / 1.00000000 0.00000000 0.00000000 -1.00000000
				0.05850000 -0.31200000 -0.25100000 / -1.00000000 0.00000000 0.00000000 / 255 255 255 255 / 0.16198730 0.29760740 / 1.00000000 0.00000000 0.00000000 -1.00000000
				0.05850000 -0.31200000 -0.05500000 / -1.00000000 0.00000000 0.00000000 / 255 255 255 255 / 0.16198730 0.24975590 / 1.00000000 0.00000000 0.00000000 -1.00000000
				0.05850000 -0.30000000 -0.05500000 / -1.00000000 0.00000000 0.00000000 / 255 255 255 255 / 0.16198730 0.24975590 / 1.00000000 0.00000000 0.00000000 -1.00000000
				0.05850000 -0.30000000 -0.25100000 / -1.00000000 0.00000000 0.00000000 / 255 255 255 255 / 0.16198730 0.29760740 / 1.00000000 0.00000000 0.00000000 -1.00000000
				0.05850000 -0.31200000 -0.05500000 / 0.00000000 0.00000000 1.00000000 / 255 255 255 255 / 0.16101070 0.25073240 / 1.00000000 0.00000000 0.00000000 -1.00000000
				0.16350000 -0.31200000 -0.05500000 / 0.00000000 0.00000000 1.00000000 / 255 255 255 255 / 0.18664550 0.25073240 / 1.00000000 0.00000000 0.00000000 -1.00000000
				0.16350000 -0.30000000 -0.05500000 / 0.00000000 0.00000000 1.00000000 / 255 255 255 255 / 0.18664550 0.25073240 / 1.00000000 0.00000000 0.00000000 -1.00000000
				0.05850000 -0.30000000 -0.05500000 / 0.00000000 0.00000000 1.00000000 / 255 255 255 255 / 0.16101070 0.25073240 / 1.00000000 0.00000000 0.00000000 -1.00000000
				0.05850000 -0.30000000 -0.25100000 / 0.00000000 0.00000000 -1.00000000 / 255 255 255 255 / 0.16101070 0.29663090 / 1.00000000 0.00000000 0.00000000 -1.00000000
				0.16350000 -0.30000000 -0.25100000 / 0.00000000 0.00000000 -1.00000000 / 255 255 255 255 / 0.18664550 0.29663090 / 1.00000000 0.00000000 0.00000000 -1.00000000
				0.16350000 -0.31200000 -0.25100000 / 0.00000000 0.00000000 -1.00000000 / 255 255 255 255 / 0.18664550 0.29663090 / 1.00000000 0.00000000 0.00000000 -1.00000000
				0.05850000 -0.31200000 -0.25100000 / 0.00000000 0.00000000 -1.00000000 / 255 255 255 255 / 0.16101070 0.29663090 / 1.00000000 0.00000000 0.00000000 -1.00000000
				-0.49000000 -0.33000000 -0.26300000 / 0.00000000 -1.00000000 0.00000000 / 255 255 255 255 / 0.02709961 0.30053710 / 1.00000000 0.00000000 0.00000000 1.00000000
				-0.48200000 -0.33000000 -0.26300000 / 0.00000000 -1.00000000 0.00000000 / 255 255 255 255 / 0.02905274 0.30053710 / 1.00000000 0.00000000 0.00000000 1.00000000
				-0.48200000 -0.33000000 -0.02300000 / 0.00000000 -1.00000000 0.00000000 / 255 255 255 255 / 0.02905274 0.24194340 / 1.00000000 0.00000000 0.00000000 1.00000000
				-0.49000000 -0.33000000 -0.02300000 / 0.00000000 -0.99999990 0.00000000 / 255 255 255 255 / 0.02709961 0.24194340 / 1.00000000 0.00000000 0.00000000 1.00000000
				-0.48200000 -0.30000000 -0.26300000 / 1.00000000 0.00000000 0.00000000 / 255 255 255 255 / 0.02807617 0.30053710 / 1.00000000 0.00000000 0.00000000 -1.00000000
				-0.48200000 -0.30000000 -0.02300000 / 1.00000000 0.00000000 0.00000000 / 255 255 255 255 / 0.02807617 0.24194340 / 1.00000000 0.00000000 0.00000000 -1.00000000
				-0.48200000 -0.33000000 -0.02300000 / 1.00000000 0.00000000 0.00000000 / 255 255 255 255 / 0.02807617 0.24194340 / 1.00000000 0.00000000 0.00000000 -1.00000000
				-0.48200000 -0.33000000 -0.26300000 / 1.00000000 0.00000000 0.00000000 / 255 255 255 255 / 0.02807617 0.30053710 / 1.00000000 0.00000000 0.00000000 -1.00000000
				-0.49000000 -0.33000000 -0.26300000 / -1.00000000 0.00000000 0.00000000 / 255 255 255 255 / 0.02807617 0.30053710 / 1.00000000 0.00000000 0.00000000 -1.00000000
				-0.49000000 -0.33000000 -0.02300000 / -1.00000000 0.00000000 0.00000000 / 255 255 255 255 / 0.02807617 0.24194340 / 1.00000000 0.00000000 0.00000000 -1.00000000
				-0.49000000 -0.30000000 -0.02300000 / -1.00000000 0.00000000 0.00000000 / 255 255 255 255 / 0.02807617 0.24194340 / 1.00000000 0.00000000 0.00000000 -1.00000000
				-0.49000000 -0.30000000 -0.26300000 / -1.00000000 0.00000000 0.00000000 / 255 255 255 255 / 0.02807617 0.30053710 / 1.00000000 0.00000000 0.00000000 -1.00000000
				-0.49000000 -0.33000000 -0.02300000 / 0.00000000 0.00000000 0.99999990 / 255 255 255 255 / 0.02709961 0.24291990 / 1.00000000 0.00000000 0.00000000 -1.00000000
				-0.48200000 -0.33000000 -0.02300000 / 0.00000000 0.00000000 0.99999990 / 255 255 255 255 / 0.02905274 0.24291990 / 1.00000000 0.00000000 0.00000000 -1.00000000
				-0.48200000 -0.30000000 -0.02300000 / 0.00000000 0.00000000 0.99999990 / 255 255 255 255 / 0.02905274 0.24291990 / 1.00000000 0.00000000 0.00000000 -1.00000000
				-0.49000000 -0.30000000 -0.02300000 / 0.00000000 0.00000000 1.00000000 / 255 255 255 255 / 0.02709961 0.24291990 / 1.00000000 0.00000000 0.00000000 -1.00000000
				-0.49000000 -0.30000000 -0.26300000 / 0.00000000 0.00000000 -1.00000000 / 255 255 255 255 / 0.02709961 0.29956050 / 1.00000000 0.00000000 0.00000000 -1.00000000
				-0.48200000 -0.30000000 -0.26300000 / 0.00000000 0.00000000 -1.00000000 / 255 255 255 255 / 0.02905274 0.29956050 / 1.00000000 0.00000000 0.00000000 -1.00000000
				-0.48200000 -0.33000000 -0.26300000 / 0.00000000 0.00000000 -1.00000000 / 255 255 255 255 / 0.02905274 0.29956050 / 1.00000000 0.00000000 0.00000000 -1.00000000
				-0.49000000 -0.33000000 -0.26300000 / 0.00000000 0.00000000 -0.99999990 / 255 255 255 255 / 0.02709961 0.29956050 / 1.00000000 0.00000000 0.00000000 -1.00000000
				-0.35150000 -0.33000000 -0.26300000 / 0.00000000 -1.00000000 0.00000000 / 255 255 255 255 / 0.06091309 0.30053710 / 0.99999990 0.00000000 0.00000000 1.00000000
				-0.34350000 -0.33000000 -0.26300000 / 0.00000000 -1.00000000 0.00000000 / 255 255 255 255 / 0.06286621 0.30053710 / 1.00000000 0.00000000 0.00000000 1.00000000
				-0.34350000 -0.33000000 -0.02300000 / 0.00000000 -1.00000000 0.00000000 / 255 255 255 255 / 0.06286621 0.24194340 / 0.99999990 0.00000000 0.00000000 1.00000000
				-0.35150000 -0.33000000 -0.02300000 / 0.00000000 -1.00000000 0.00000000 / 255 255 255 255 / 0.06091309 0.24194340 / 1.00000000 0.00000000 0.00000000 1.00000000
				-0.34350000 -0.30000000 -0.26300000 / 1.00000000 0.00000000 0.00000000 / 255 255 255 255 / 0.06188965 0.30053710 / 1.00000000 0.00000000 0.00000000 -1.00000000
				-0.34350000 -0.30000000 -0.02300000 / 1.00000000 0.00000000 0.00000000 / 255 255 255 255 / 0.06188965 0.24194340 / 1.00000000 0.00000000 0.00000000 -1.00000000
				-0.34350000 -0.33000000 -0.02300000 / 1.00000000 0.00000000 0.00000000 / 255 255 255 255 / 0.06188965 0.24194340 / 1.00000000 0.00000000 0.00000000 -1.00000000
				-0.34350000 -0.33000000 -0.26300000 / 1.00000000 0.00000000 0.00000000 / 255 255 255 255 / 0.06188965 0.30053710 / 1.00000000 0.00000000 0.00000000 -1.00000000
				-0.35150000 -0.33000000 -0.26300000 / -1.00000000 0.00000000 0.00000000 / 255 255 255 255 / 0.06188965 0.30053710 / 1.00000000 0.00000000 0.00000000 -1.00000000
				-0.35150000 -0.33000000 -0.02300000 / -1.00000000 0.00000000 0.00000000 / 255 255 255 255 / 0.06188965 0.24194340 / 1.00000000 0.00000000 0.00000000 -1.00000000
				-0.35150000 -0.30000000 -0.02300000 / -1.00000000 0.00000000 0.00000000 / 255 255 255 255 / 0.06188965 0.24194340 / 1.00000000 0.00000000 0.00000000 -1.00000000
				-0.35150000 -0.30000000 -0.26300000 / -1.00000000 0.00000000 0.00000000 / 255 255 255 255 / 0.06188965 0.30053710 / 1.00000000 0.00000000 0.00000000 -1.00000000
				-0.35150000 -0.33000000 -0.02300000 / 0.00000000 0.00000000 0.99999990 / 255 255 255 255 / 0.06091309 0.24291990 / 1.00000000 0.00000000 0.00000000 -1.00000000
				-0.34350000 -0.33000000 -0.02300000 / 0.00000000 0.00000000 0.99999990 / 255 255 255 255 / 0.06286621 0.24291990 / 1.00000000 0.00000000 0.00000000 -1.00000000
				-0.34350000 -0.30000000 -0.02300000 / 0.00000000 0.00000000 0.99999990 / 255 255 255 255 / 0.06286621 0.24291990 / 1.00000000 0.00000000 0.00000000 -1.00000000
				-0.35150000 -0.30000000 -0.02300000 / 0.00000000 0.00000000 1.00000000 / 255 255 255 255 / 0.06091309 0.24291990 / 1.00000000 0.00000000 0.00000000 -1.00000000
				-0.35150000 -0.30000000 -0.26300000 / 0.00000000 0.00000000 -1.00000000 / 255 255 255 255 / 0.06091309 0.29956050 / 1.00000000 0.00000000 0.00000000 -1.00000000
				-0.34350000 -0.30000000 -0.26300000 / 0.00000000 0.00000000 -1.00000000 / 255 255 255 255 / 0.06286621 0.29956050 / 1.00000000 0.00000000 0.00000000 -1.00000000
				-0.34350000 -0.33000000 -0.26300000 / 0.00000000 0.00000000 -1.00000000 / 255 255 255 255 / 0.06286621 0.29956050 / 1.00000000 0.00000000 0.00000000 -1.00000000
				-0.35150000 -0.33000000 -0.26300000 / 0.00000000 0.00000000 -0.99999990 / 255 255 255 255 / 0.06091309 0.29956050 / 1.00000000 0.00000000 0.00000000 -1.00000000
				-0.21900000 -0.33000000 -0.26300000 / 0.00000000 -1.00000000 0.00000000 / 255 255 255 255 / 0.09326172 0.30053710 / 1.00000000 0.00000000 0.00000000 1.00000000
				-0.21100000 -0.33000000 -0.26300000 / 0.00000000 -1.00000000 0.00000000 / 255 255 255 255 / 0.09521484 0.30053710 / 1.00000000 0.00000000 0.00000000 1.00000000
				-0.21100000 -0.33000000 -0.02300000 / 0.00000000 -1.00000000 0.00000000 / 255 255 255 255 / 0.09521484 0.24194340 / 1.00000000 0.00000000 0.00000000 1.00000000
				-0.21900000 -0.33000000 -0.02300000 / 0.00000000 -1.00000000 0.00000000 / 255 255 255 255 / 0.09326172 0.24194340 / 1.00000000 0.00000000 0.00000000 1.00000000
				-0.21100000 -0.30000000 -0.26300000 / 1.00000000 0.00000000 0.00000000 / 255 255 255 255 / 0.09423828 0.30053710 / 1.00000000 0.00000000 0.00000000 -1.00000000
				-0.21100000 -0.30000000 -0.02300000 / 1.00000000 0.00000000 0.00000000 / 255 255 255 255 / 0.09423828 0.24194340 / 1.00000000 0.00000000 0.00000000 -1.00000000
				-0.21100000 -0.33000000 -0.02300000 / 1.00000000 0.00000000 0.00000000 / 255 255 255 255 / 0.09423828 0.24194340 / 1.00000000 0.00000000 0.00000000 -1.00000000
				-0.21100000 -0.33000000 -0.26300000 / 1.00000000 0.00000000 0.00000000 / 255 255 255 255 / 0.09423828 0.30053710 / 1.00000000 0.00000000 0.00000000 -1.00000000
				-0.21900000 -0.33000000 -0.26300000 / -1.00000000 0.00000000 0.00000000 / 255 255 255 255 / 0.09423828 0.30053710 / 1.00000000 0.00000000 0.00000000 -1.00000000
				-0.21900000 -0.33000000 -0.02300000 / -1.00000000 0.00000000 0.00000000 / 255 255 255 255 / 0.09423828 0.24194340 / 1.00000000 0.00000000 0.00000000 -1.00000000
				-0.21900000 -0.30000000 -0.02300000 / -1.00000000 0.00000000 0.00000000 / 255 255 255 255 / 0.09423828 0.24194340 / 1.00000000 0.00000000 0.00000000 -1.00000000
				-0.21900000 -0.30000000 -0.26300000 / -1.00000000 0.00000000 0.00000000 / 255 255 255 255 / 0.09423828 0.30053710 / 1.00000000 0.00000000 0.00000000 -1.00000000
				-0.21900000 -0.33000000 -0.02300000 / 0.00000000 0.00000000 1.00000000 / 255 255 255 255 / 0.09326172 0.24291990 / 1.00000000 0.00000000 0.00000000 -1.00000000
				-0.21100000 -0.33000000 -0.02300000 / 0.00000000 0.00000000 1.00000000 / 255 255 255 255 / 0.09521484 0.24291990 / 1.00000000 0.00000000 0.00000000 -1.00000000
				-0.21100000 -0.30000000 -0.02300000 / 0.00000000 0.00000000 1.00000000 / 255 255 255 255 / 0.09521484 0.24291990 / 1.00000000 0.00000000 0.00000000 -1.00000000
				-0.21900000 -0.30000000 -0.02300000 / 0.00000000 0.00000000 1.00000000 / 255 255 255 255 / 0.09326172 0.24291990 / 1.00000000 0.00000000 0.00000000 -1.00000000
				-0.21900000 -0.30000000 -0.26300000 / 0.00000000 0.00000000 -1.00000000 / 255 255 255 255 / 0.09326172 0.29956050 / 1.00000000 0.00000000 0.00000000 -1.00000000
				-0.21100000 -0.30000000 -0.26300000 / 0.00000000 0.00000000 -1.00000000 / 255 255 255 255 / 0.09521484 0.29956050 / 1.00000000 0.00000000 0.00000000 -1.00000000
				-0.21100000 -0.33000000 -0.26300000 / 0.00000000 0.00000000 -1.00000000 / 255 255 255 255 / 0.09521484 0.29956050 / 1.00000000 0.00000000 0.00000000 -1.00000000
				-0.21900000 -0.33000000 -0.26300000 / 0.00000000 0.00000000 -1.00000000 / 255 255 255 255 / 0.09326172 0.29956050 / 1.00000000 0.00000000 0.00000000 -1.00000000
				-0.08750000 -0.33000000 -0.26300000 / 0.00000000 -1.00000000 0.00000000 / 255 255 255 255 / 0.12536620 0.30053710 / 1.00000000 0.00000000 0.00000000 1.00000000
				-0.07950000 -0.33000000 -0.26300000 / 0.00000000 -1.00000000 0.00000000 / 255 255 255 255 / 0.12731930 0.30053710 / 1.00000000 0.00000000 0.00000000 1.00000000
				-0.07950000 -0.33000000 -0.02300000 / 0.00000000 -1.00000000 0.00000000 / 255 255 255 255 / 0.12731930 0.24194340 / 1.00000000 0.00000000 0.00000000 1.00000000
				-0.08750000 -0.33000000 -0.02300000 / 0.00000000 -1.00000000 0.00000000 / 255 255 255 255 / 0.12536620 0.24194340 / 1.00000000 0.00000000 0.00000000 1.00000000
				-0.07950000 -0.30000000 -0.26300000 / 1.00000000 0.00000000 0.00000000 / 255 255 255 255 / 0.12634280 0.30053710 / 1.00000000 0.00000000 0.00000000 -1.00000000
				-0.07950000 -0.30000000 -0.02300000 / 1.00000000 0.00000000 0.00000000 / 255 255 255 255 / 0.12634280 0.24194340 / 1.00000000 0.00000000 0.00000000 -1.00000000
				-0.07950000 -0.33000000 -0.02300000 / 1.00000000 0.00000000 0.00000000 / 255 255 255 255 / 0.12634280 0.24194340 / 1.00000000 0.00000000 0.00000000 -1.00000000
				-0.07950000 -0.33000000 -0.26300000 / 1.00000000 0.00000000 0.00000000 / 255 255 255 255 / 0.12634280 0.30053710 / 1.00000000 0.00000000 0.00000000 -1.00000000
				-0.08750000 -0.33000000 -0.26300000 / -1.00000000 0.00000000 0.00000000 / 255 255 255 255 / 0.12634280 0.30053710 / 1.00000000 0.00000000 0.00000000 -1.00000000
				-0.08750000 -0.33000000 -0.02300000 / -1.00000000 0.00000000 0.00000000 / 255 255 255 255 / 0.12634280 0.24194340 / 1.00000000 0.00000000 0.00000000 -1.00000000
				-0.08750000 -0.30000000 -0.02300000 / -1.00000000 0.00000000 0.00000000 / 255 255 255 255 / 0.12634280 0.24194340 / 1.00000000 0.00000000 0.00000000 -1.00000000
				-0.08750000 -0.30000000 -0.26300000 / -1.00000000 0.00000000 0.00000000 / 255 255 255 255 / 0.12634280 0.30053710 / 1.00000000 0.00000000 0.00000000 -1.00000000
				-0.08750000 -0.33000000 -0.02300000 / 0.00000000 0.00000000 1.00000000 / 255 255 255 255 / 0.12536620 0.24291990 / 1.00000000 0.00000000 0.00000000 -1.00000000
				-0.07950000 -0.33000000 -0.02300000 / 0.00000000 0.00000000 1.00000000 / 255 255 255 255 / 0.12731930 0.24291990 / 1.00000000 0.00000000 0.00000000 -1.00000000
				-0.07950000 -0.30000000 -0.02300000 / 0.00000000 0.00000000 1.00000000 / 255 255 255 255 / 0.12731930 0.24291990 / 1.00000000 0.00000000 0.00000000 -1.00000000
				-0.08750000 -0.30000000 -0.02300000 / 0.00000000 0.00000000 1.00000000 / 255 255 255 255 / 0.12536620 0.24291990 / 1.00000000 0.00000000 0.00000000 -1.00000000
				-0.08750000 -0.30000000 -0.26300000 / 0.00000000 0.00000000 -1.00000000 / 255 255 255 255 / 0.12536620 0.29956050 / 1.00000000 0.00000000 0.00000000 -1.00000000
				-0.07950000 -0.30000000 -0.26300000 / 0.00000000 0.00000000 -1.00000000 / 255 255 255 255 / 0.12731930 0.29956050 / 1.00000000 0.00000000 0.00000000 -1.00000000
				-0.07950000 -0.33000000 -0.26300000 / 0.00000000 0.00000000 -1.00000000 / 255 255 255 255 / 0.12731930 0.29956050 / 1.00000000 0.00000000 0.00000000 -1.00000000
				-0.08750000 -0.33000000 -0.26300000 / 0.00000000 0.00000000 -1.00000000 / 255 255 255 255 / 0.12536620 0.29956050 / 1.00000000 0.00000000 0.00000000 -1.00000000
				0.04350000 -0.33000000 -0.26300000 / 0.00000000 -1.00000000 0.00000000 / 255 255 255 255 / 0.15734860 0.30053710 / 1.00000000 0.00000000 0.00000000 1.00000000
				0.05150000 -0.33000000 -0.26300000 / 0.00000000 -1.00000000 0.00000000 / 255 255 255 255 / 0.15930180 0.30053710 / 1.00000000 0.00000000 0.00000000 1.00000000
				0.05150000 -0.33000000 -0.02300000 / 0.00000000 -1.00000000 0.00000000 / 255 255 255 255 / 0.15930180 0.24194340 / 1.00000000 0.00000000 0.00000000 1.00000000
				0.04350000 -0.33000000 -0.02300000 / 0.00000000 -1.00000000 0.00000000 / 255 255 255 255 / 0.15734860 0.24194340 / 1.00000000 0.00000000 0.00000000 1.00000000
				0.05150000 -0.30000000 -0.26300000 / 1.00000000 0.00000000 0.00000000 / 255 255 255 255 / 0.15832520 0.30053710 / 1.00000000 0.00000000 0.00000000 -1.00000000
				0.05150000 -0.30000000 -0.02300000 / 1.00000000 0.00000000 0.00000000 / 255 255 255 255 / 0.15832520 0.24194340 / 1.00000000 0.00000000 0.00000000 -1.00000000
				0.05150000 -0.33000000 -0.02300000 / 1.00000000 0.00000000 0.00000000 / 255 255 255 255 / 0.15832520 0.24194340 / 1.00000000 0.00000000 0.00000000 -1.00000000
				0.05150000 -0.33000000 -0.26300000 / 1.00000000 0.00000000 0.00000000 / 255 255 255 255 / 0.15832520 0.30053710 / 1.00000000 0.00000000 0.00000000 -1.00000000
				0.04350000 -0.33000000 -0.26300000 / -1.00000000 0.00000000 0.00000000 / 255 255 255 255 / 0.15832520 0.30053710 / 1.00000000 0.00000000 0.00000000 -1.00000000
				0.04350000 -0.33000000 -0.02300000 / -1.00000000 0.00000000 0.00000000 / 255 255 255 255 / 0.15832520 0.24194340 / 1.00000000 0.00000000 0.00000000 -1.00000000
				0.04350000 -0.30000000 -0.02300000 / -1.00000000 0.00000000 0.00000000 / 255 255 255 255 / 0.15832520 0.24194340 / 1.00000000 0.00000000 0.00000000 -1.00000000
				0.04350000 -0.30000000 -0.26300000 / -1.00000000 0.00000000 0.00000000 / 255 255 255 255 / 0.15832520 0.30053710 / 1.00000000 0.00000000 0.00000000 -1.00000000
				0.04350000 -0.33000000 -0.02300000 / 0.00000000 0.00000000 1.00000000 / 255 255 255 255 / 0.15734860 0.24291990 / 1.00000000 0.00000000 0.00000000 -1.00000000
				0.05150000 -0.33000000 -0.02300000 / 0.00000000 0.00000000 1.00000000 / 255 255 255 255 / 0.15930180 0.24291990 / 1.00000000 0.00000000 0.00000000 -1.00000000
				0.05150000 -0.30000000 -0.02300000 / 0.00000000 0.00000000 1.00000000 / 255 255 255 255 / 0.15930180 0.24291990 / 1.00000000 0.00000000 0.00000000 -1.00000000
				0.04350000 -0.30000000 -0.02300000 / 0.00000000 0.00000000 1.00000000 / 255 255 255 255 / 0.15734860 0.24291990 / 1.00000000 0.00000000 0.00000000 -1.00000000
				0.04350000 -0.30000000 -0.26300000 / 0.00000000 0.00000000 -1.00000000 / 255 255 255 255 / 0.15734860 0.29956050 / 1.00000000 0.00000000 0.00000000 -1.00000000
				0.05150000 -0.30000000 -0.26300000 / 0.00000000 0.00000000 -1.00000000 / 255 255 255 255 / 0.15930180 0.29956050 / 1.00000000 0.00000000 0.00000000 -1.00000000
				0.05150000 -0.33000000 -0.26300000 / 0.00000000 0.00000000 -1.00000000 / 255 255 255 255 / 0.15930180 0.29956050 / 1.00000000 0.00000000 0.00000000 -1.00000000
				0.04350000 -0.33000000 -0.26300000 / 0.00000000 0.00000000 -1.00000000 / 255 255 255 255 / 0.15734860 0.29956050 / 1.00000000 0.00000000 0.00000000 -1.00000000
				0.17400000 -0.33000000 -0.26300000 / 0.00000000 -1.00000000 0.00000000 / 255 255 255 255 / 0.18920900 0.30053710 / 1.00000000 0.00000000 0.00000000 1.00000000
				0.18200000 -0.33000000 -0.26300000 / 0.00000000 -1.00000000 0.00000000 / 255 255 255 255 / 0.19116210 0.30053710 / 1.00000000 0.00000000 0.00000000 1.00000000
				0.18200000 -0.33000000 -0.02300000 / 0.00000000 -1.00000000 0.00000000 / 255 255 255 255 / 0.19116210 0.24194340 / 1.00000000 0.00000000 0.00000000 1.00000000
				0.17400000 -0.33000000 -0.02300000 / 0.00000000 -1.00000000 0.00000000 / 255 255 255 255 / 0.18920900 0.24194340 / 1.00000000 0.00000000 0.00000000 1.00000000
				0.18200000 -0.30000000 -0.26300000 / 1.00000000 0.00000000 0.00000000 / 255 255 255 255 / 0.19018550 0.30053710 / 1.00000000 0.00000000 0.00000000 -1.00000000
				0.18200000 -0.30000000 -0.02300000 / 1.00000000 0.00000000 0.00000000 / 255 255 255 255 / 0.19018550 0.24194340 / 1.00000000 0.00000000 0.00000000 -1.00000000
				0.18200000 -0.33000000 -0.02300000 / 1.00000000 0.00000000 0.00000000 / 255 255 255 255 / 0.19018550 0.24194340 / 1.00000000 0.00000000 0.00000000 -1.00000000
				0.18200000 -0.33000000 -0.26300000 / 1.00000000 0.00000000 0.00000000 / 255 255 255 255 / 0.19018550 0.30053710 / 1.00000000 0.00000000 0.00000000 -1.00000000
				0.17400000 -0.33000000 -0.26300000 / -1.00000000 0.00000000 0.00000000 / 255 255 255 255 / 0.19018550 0.30053710 / 1.00000000 0.00000000 0.00000000 -1.00000000
				0.17400000 -0.33000000 -0.02300000 / -1.00000000 0.00000000 0.00000000 / 255 255 255 255 / 0.19018550 0.24194340 / 1.00000000 0.00000000 0.00000000 -1.00000000
				0.17400000 -0.30000000 -0.02300000 / -1.00000000 0.00000000 0.00000000 / 255 255 255 255 / 0.19018550 0.24194340 / 1.00000000 0.00000000 0.00000000 -1.00000000
				0.17400000 -0.30000000 -0.26300000 / -1.00000000 0.00000000 0.00000000 / 255 255 255 255 / 0.19018550 0.30053710 / 1.00000000 0.00000000 0.00000000 -1.00000000
				0.17400000 -0.33000000 -0.02300000 / 0.00000000 0.00000000 1.00000000 / 255 255 255 255 / 0.18920900 0.24291990 / 1.00000000 0.00000000 0.00000000 -1.00000000
				0.18200000 -0.33000000 -0.02300000 / 0.00000000 0.00000000 1.00000000 / 255 255 255 255 / 0.19116210 0.24291990 / 1.00000000 0.00000000 0.00000000 -1.00000000
				0.18200000 -0.30000000 -0.02300000 / 0.00000000 0.00000000 1.00000000 / 255 255 255 255 / 0.19116210 0.24291990 / 1.00000000 0.00000000 0.00000000 -1.00000000
				0.17400000 -0.30000000 -0.02300000 / 0.00000000 0.00000000 1.00000000 / 255 255 255 255 / 0.18920900 0.24291990 / 1.00000000 0.00000000 0.00000000 -1.00000000
				0.17400000 -0.30000000 -0.26300000 / 0.00000000 0.00000000 -1.00000000 / 255 255 255 255 / 0.18920900 0.29956050 / 1.00000000 0.00000000 0.00000000 -1.00000000
				0.18200000 -0.30000000 -0.26300000 / 0.00000000 0.00000000 -1.00000000 / 255 255 255 255 / 0.19116210 0.29956050 / 1.00000000 0.00000000 0.00000000 -1.00000000
				0.18200000 -0.33000000 -0.26300000 / 0.00000000 0.00000000 -1.00000000 / 255 255 255 255 / 0.19116210 0.29956050 / 1.00000000 0.00000000 0.00000000 -1.00000000
				0.17400000 -0.33000000 -0.26300000 / 0.00000000 0.00000000 -1.00000000 / 255 255 255 255 / 0.18920900 0.29956050 / 1.00000000 0.00000000 0.00000000 -1.00000000
				-0.58250000 -0.41000000 -0.85300000 / 0.00000000 -1.00000000 0.00000000 / 255 255 255 255 / 0.11328120 0.85546880 / 1.00000000 0.00000000 0.00000000 -1.00000000
				-0.52500000 -0.41000000 -0.85300000 / 0.00000000 -1.00000000 0.00000000 / 255 255 255 255 / 0.11328120 0.85546880 / 1.00000000 0.00000000 0.00000000 -1.00000000
				-0.52500000 -0.41000000 0.71400000 / 0.00000000 -1.00000000 0.00000000 / 255 255 255 255 / 0.11328120 0.85546880 / 1.00000000 0.00000000 0.00000000 -1.00000000
				-0.58250000 -0.41000000 0.71400000 / 0.00000000 -1.00000000 0.00000000 / 255 255 255 255 / 0.11328120 0.85546880 / 1.00000000 0.00000000 0.00000000 -1.00000000
				0.22500000 -0.41000000 -0.30000000 / 0.00000000 -1.00000000 0.00000000 / 255 255 255 255 / 0.11328120 0.85546880 / 1.00000000 0.00000000 0.00000000 -1.00000000
				0.58250000 -0.41000000 -0.30000000 / 0.00000000 -1.00000000 0.00000000 / 255 255 255 255 / 0.11328120 0.85546880 / 1.00000000 0.00000000 0.00000000 -1.00000000
				0.58250000 -0.41000000 0.71400000 / 0.00000000 -1.00000000 0.00000000 / 255 255 255 255 / 0.11328120 0.85546880 / 1.00000000 0.00000000 0.00000000 -1.00000000
				0.22500000 -0.41000000 0.71400000 / 0.00000000 -1.00000000 0.00000000 / 255 255 255 255 / 0.11328120 0.85546880 / 1.00000000 0.00000000 0.00000000 -1.00000000
				0.22500000 -0.41000000 -0.85300000 / 0.00000000 -0.99999990 0.00000000 / 255 255 255 255 / 0.11328120 0.85546880 / 1.00000000 0.00000000 0.00000000 -1.00000000
				0.24800000 -0.41000000 -0.85300000 / 0.00000000 -0.99999990 0.00000000 / 255 255 255 255 / 0.11328120 0.85546880 / 1.00000000 0.00000000 0.00000000 -1.00000000
				0.24800000 -0.41000000 -0.30000000 / 0.00000000 -0.99999990 0.00000000 / 255 255 255 255 / 0.11328120 0.85546880 / 1.00000000 0.00000000 0.00000000 -1.00000000
				0.55600000 -0.41000000 -0.85300000 / 0.00000000 -0.99999990 0.00000000 / 255 255 255 255 / 0.11328120 0.85546880 / 1.00000000 0.00000000 0.00000000 -1.00000000
				0.58250000 -0.41000000 -0.85300000 / 0.00000000 -0.99999990 0.00000000 / 255 255 255 255 / 0.11328120 0.85546880 / 1.00000000 0.00000000 0.00000000 -1.00000000
				0.55600000 -0.41000000 -0.30000000 / 0.00000000 -0.99999990 0.00000000 / 255 255 255 255 / 0.11328120 0.85546880 / 1.00000000 0.00000000 0.00000000 -1.00000000
				0.55600000 -0.41000000 -0.84500000 / 0.00000000 -1.00000000 0.00000000 / 255 255 255 255 / 0.11328120 0.85546880 / 1.00000000 0.00000000 0.00000000 -1.00000000
				0.24800000 -0.41000000 -0.84500000 / 0.00000000 -0.99999990 0.00000000 / 255 255 255 255 / 0.11328120 0.85546880 / 1.00000000 0.00000000 0.00000000 -1.00000000
				-0.52500000 -0.41000000 0.65400000 / 0.00000000 -1.00000000 0.00000000 / 255 255 255 255 / 0.11328120 0.85546880 / 1.00000000 0.00000000 0.00000000 -1.00000000
				0.22500000 -0.41000000 0.65400000 / 0.00000000 -1.00000000 0.00000000 / 255 255 255 255 / 0.11328120 0.85546880 / 1.00000000 0.00000000 0.00000000 -1.00000000
				-0.52500000 -0.41000000 -0.63500000 / 0.00000000 -1.00000000 0.00000000 / 255 255 255 255 / 0.11328120 0.85546880 / 1.00000000 0.00000000 0.00000000 -1.00000000
				0.22500000 -0.41000000 -0.63500000 / 0.00000000 -1.00000000 0.00000000 / 255 255 255 255 / 0.11328120 0.85546880 / 1.00000000 0.00000000 0.00000000 -1.00000000
				0.22500000 -0.41000000 -0.40800000 / 0.00000000 -1.00000000 0.00000000 / 255 255 255 255 / 0.11328120 0.85546880 / 1.00000000 0.00000000 0.00000000 -1.00000000
				-0.52500000 -0.41000000 -0.40800000 / 0.00000000 -1.00000000 0.00000000 / 255 255 255 255 / 0.11328120 0.85546880 / 1.00000000 0.00000000 0.00000000 -1.00000000
				0.22500000 -0.41000000 -0.75800000 / 0.00000000 -1.00000000 0.00000000 / 255 255 255 255 / 0.11328120 0.85546880 / 1.00000000 0.00000000 0.00000000 -1.00000000
				-0.52500000 -0.41000000 -0.75800000 / 0.00000000 -0.99999990 0.00000000 / 255 255 255 255 / 0.11328120 0.85546880 / 1.00000000 0.00000000 0.00000000 -1.00000000
				-0.44000000 -0.41000000 -0.75800000 / 0.00000000 -1.00000000 0.00000000 / 255 255 255 255 / 0.11328120 0.85546880 / 1.00000000 0.00000000 0.00000000 -1.00000000
				-0.44000000 -0.41000000 -0.63500000 / 0.00000000 -1.00000000 0.00000000 / 255 255 255 255 / 0.11328120 0.85546880 / 1.00000000 0.00000000 0.00000000 -1.00000000
				0.16300000 -0.41000000 -0.75800000 / 0.00000000 -1.00000000 0.00000000 / 255 255 255 255 / 0.11328120 0.85546880 / 1.00000000 0.00000000 0.00000000 -1.00000000
				0.16300000 -0.41000000 -0.63500000 / 0.00000000 -1.00000000 0.00000000 / 255 255 255 255 / 0.11328120 0.85546880 / 1.00000000 0.00000000 0.00000000 -1.00000000
				-0.44000000 -0.27000000 -0.75800000 / 0.00000000 -1.00000000 0.00000000 / 255 255 255 255 / 0.11328120 0.85546880 / 1.00000000 0.00000000 0.00000000 -1.00000000
				0.16300000 -0.27000000 -0.75800000 / 0.00000000 -1.00000000 0.00000000 / 255 255 255 255 / 0.11328120 0.85546880 / 1.00000000 0.00000000 0.00000000 -1.00000000
				0.16300000 -0.27000000 -0.63500000 / 0.00000000 -1.00000000 0.00000000 / 255 255 255 255 / 0.11328120 0.85546880 / 1.00000000 0.00000000 0.00000000 -1.00000000
				-0.44000000 -0.27000000 -0.63500000 / 0.00000000 -1.00000000 0.00000000 / 255 255 255 255 / 0.11328120 0.85546880 / 1.00000000 0.00000000 0.00000000 -1.00000000
				-0.44000000 -0.41000000 -0.75800000 / 1.00000000 0.00000000 0.00000000 / 255 255 255 255 / 0.11328120 0.85546880 / 1.00000000 0.00000000 0.00000000 -1.00000000
				-0.44000000 -0.27000000 -0.75800000 / 1.00000000 0.00000000 0.00000000 / 255 255 255 255 / 0.11328120 0.85546880 / 1.00000000 0.00000000 0.00000000 -1.00000000
				-0.44000000 -0.27000000 -0.63500000 / 1.00000000 0.00000000 0.00000000 / 255 255 255 255 / 0.11328120 0.85546880 / 1.00000000 0.00000000 0.00000000 -1.00000000
				-0.44000000 -0.41000000 -0.63500000 / 1.00000000 0.00000000 0.00000000 / 255 255 255 255 / 0.11328120 0.85546880 / 1.00000000 0.00000000 0.00000000 -1.00000000
				0.16300000 -0.27000000 -0.75800000 / -1.00000000 0.00000000 0.00000000 / 255 255 255 255 / 0.11328120 0.85546880 / 1.00000000 0.00000000 0.00000000 -1.00000000
				0.16300000 -0.41000000 -0.75800000 / -1.00000000 0.00000000 0.00000000 / 255 255 255 255 / 0.11328120 0.85546880 / 1.00000000 0.00000000 0.00000000 -1.00000000
				0.16300000 -0.41000000 -0.63500000 / -1.00000000 0.00000000 0.00000000 / 255 255 255 255 / 0.11328120 0.85546880 / 1.00000000 0.00000000 0.00000000 -1.00000000
				0.16300000 -0.27000000 -0.63500000 / -1.00000000 0.00000000 0.00000000 / 255 255 255 255 / 0.11328120 0.85546880 / 1.00000000 0.00000000 0.00000000 -1.00000000
				-0.44000000 -0.27000000 -0.75800000 / 0.00000000 0.00000000 1.00000000 / 255 255 255 255 / 0.11328120 0.85546880 / 1.00000000 0.00000000 0.00000000 -1.00000000
				-0.44000000 -0.41000000 -0.75800000 / 0.00000000 0.00000000 1.00000000 / 255 255 255 255 / 0.11328120 0.85546880 / 1.00000000 0.00000000 0.00000000 -1.00000000
				0.16300000 -0.41000000 -0.75800000 / 0.00000000 0.00000000 1.00000000 / 255 255 255 255 / 0.11328120 0.85546880 / 1.00000000 0.00000000 0.00000000 -1.00000000
				0.16300000 -0.27000000 -0.75800000 / 0.00000000 0.00000000 1.00000000 / 255 255 255 255 / 0.11328120 0.85546880 / 1.00000000 0.00000000 0.00000000 -1.00000000
				-0.44000000 -0.41000000 -0.63500000 / 0.00000000 0.00000000 -1.00000000 / 255 255 255 255 / 0.11328120 0.85546880 / 1.00000000 0.00000000 0.00000000 -1.00000000
				-0.44000000 -0.27000000 -0.63500000 / 0.00000000 0.00000000 -1.00000000 / 255 255 255 255 / 0.11328120 0.85546880 / 1.00000000 0.00000000 0.00000000 -1.00000000
				0.16300000 -0.27000000 -0.63500000 / 0.00000000 0.00000000 -1.00000000 / 255 255 255 255 / 0.11328120 0.85546880 / 1.00000000 0.00000000 0.00000000 -1.00000000
				0.16300000 -0.41000000 -0.63500000 / 0.00000000 0.00000000 -1.00000000 / 255 255 255 255 / 0.11328120 0.85546880 / 1.00000000 0.00000000 0.00000000 -1.00000000
				0.22500000 -0.41000000 -0.85300000 / 1.00000000 0.00000000 0.00000000 / 255 255 255 255 / 0.11328120 0.85546880 / 1.00000000 0.00000000 0.00000000 -1.00000000
				0.22500000 -0.41000000 0.71400000 / 1.00000000 0.00000000 0.00000000 / 255 255 255 255 / 0.11328120 0.85546880 / 1.00000000 0.00000000 0.00000000 -1.00000000
				0.22500000 -0.43400000 0.71400000 / 1.00000000 0.00000000 0.00000000 / 255 255 255 255 / 0.11328120 0.85546880 / 1.00000000 0.00000000 0.00000000 -1.00000000
				0.22500000 -0.43400000 -0.85300000 / 1.00000000 0.00000000 0.00000000 / 255 255 255 255 / 0.11328120 0.85546880 / 1.00000000 0.00000000 0.00000000 -1.00000000
				0.24800000 0.40500000 -0.84500000 / 1.00000000 0.00000000 0.00000000 / 255 255 255 255 / 0.11328120 0.85546880 / 1.00000000 0.00000000 0.00000000 -1.00000000
				0.24800000 0.40500000 -0.30000000 / 1.00000000 0.00000000 0.00000000 / 255 255 255 255 / 0.11328120 0.85546880 / 1.00000000 0.00000000 0.00000000 -1.00000000
				0.24800000 -0.41000000 -0.30000000 / 1.00000000 0.00000000 0.00000000 / 255 255 255 255 / 0.11328120 0.85546880 / 1.00000000 0.00000000 0.00000000 -1.00000000
				0.24800000 -0.41000000 -0.84500000 / 1.00000000 0.00000000 0.00000000 / 255 255 255 255 / 0.11328120 0.85546880 / 1.00000000 0.00000000 0.00000000 -1.00000000
				0.55600000 0.40500000 -0.84500000 / -1.00000000 0.00000000 0.00000000 / 255 255 255 255 / 0.11328120 0.85546880 / 1.00000000 0.00000000 0.00000000 -1.00000000
				0.55600000 -0.41000000 -0.84500000 / -1.00000000 0.00000000 0.00000000 / 255 255 255 255 / 0.11328120 0.85546880 / 1.00000000 0.00000000 0.00000000 -1.00000000
				0.55600000 -0.41000000 -0.30000000 / -1.00000000 0.00000000 0.00000000 / 255 255 255 255 / 0.11328120 0.85546880 / 1.00000000 0.00000000 0.00000000 -1.00000000
				0.55600000 0.40500000 -0.30000000 / -1.00000000 0.00000000 0.00000000 / 255 255 255 255 / 0.11328120 0.85546880 / 1.00000000 0.00000000 0.00000000 -1.00000000
				0.24800000 0.40500000 -0.30000000 / 0.00000000 0.00000000 -1.00000000 / 255 255 255 255 / 0.11328120 0.85546880 / 1.00000000 0.00000000 0.00000000 -1.00000000
				0.55600000 0.40500000 -0.30000000 / 0.00000000 0.00000000 -1.00000000 / 255 255 255 255 / 0.11328120 0.85546880 / 1.00000000 0.00000000 0.00000000 -1.00000000
				0.55600000 -0.41000000 -0.30000000 / 0.00000000 0.00000000 -1.00000000 / 255 255 255 255 / 0.11328120 0.85546880 / 1.00000000 0.00000000 0.00000000 -1.00000000
				0.24800000 -0.41000000 -0.30000000 / 0.00000000 0.00000000 -1.00000000 / 255 255 255 255 / 0.11328120 0.85546880 / 1.00000000 0.00000000 0.00000000 -1.00000000
				0.24800000 0.40500000 -0.84500000 / 0.00000000 0.00000000 1.00000000 / 255 255 255 255 / 0.11328120 0.85546880 / 1.00000000 0.00000000 0.00000000 -1.00000000
				0.24800000 -0.41000000 -0.84500000 / 0.00000000 0.00000000 1.00000000 / 255 255 255 255 / 0.11328120 0.85546880 / 1.00000000 0.00000000 0.00000000 -1.00000000
				0.55600000 -0.41000000 -0.84500000 / 0.00000000 0.00000000 1.00000000 / 255 255 255 255 / 0.11328120 0.85546880 / 1.00000000 0.00000000 0.00000000 -1.00000000
				0.55600000 0.40500000 -0.84500000 / 0.00000000 0.00000000 1.00000000 / 255 255 255 255 / 0.11328120 0.85546880 / 1.00000000 0.00000000 0.00000000 -1.00000000
				0.24800000 0.40500000 -0.84500000 / 0.00000000 -1.00000000 0.00000000 / 255 255 255 255 / 0.11328120 0.85546880 / 1.00000000 0.00000000 0.00000000 -1.00000000
				0.55600000 0.40500000 -0.84500000 / 0.00000000 -1.00000000 0.00000000 / 255 255 255 255 / 0.11328120 0.85546880 / 1.00000000 0.00000000 0.00000000 -1.00000000
				0.55600000 0.40500000 -0.30000000 / 0.00000000 -1.00000000 0.00000000 / 255 255 255 255 / 0.11328120 0.85546880 / 1.00000000 0.00000000 0.00000000 -1.00000000
				0.24800000 0.40500000 -0.30000000 / 0.00000000 -1.00000000 0.00000000 / 255 255 255 255 / 0.11328120 0.85546880 / 1.00000000 0.00000000 0.00000000 -1.00000000
				0.27000000 0.11000000 -0.84500000 / 0.00000000 -1.00000000 0.00000000 / 255 255 255 255 / 0.21875000 0.13281250 / 1.00000000 0.00000000 0.00000000 -1.00000000
				0.53400000 0.11000000 -0.84500000 / 0.00000000 -1.00000000 0.00000000 / 255 255 255 255 / 0.21875000 0.13281250 / 1.00000000 0.00000000 0.00000000 -1.00000000
				0.53400000 0.11000000 -0.67000000 / 0.00000000 -1.00000000 0.00000000 / 255 255 255 255 / 0.21875000 0.13281250 / 1.00000000 0.00000000 0.00000000 -1.00000000
				0.27000000 0.11000000 -0.67000000 / 0.00000000 -1.00000000 0.00000000 / 255 255 255 255 / 0.21875000 0.13281250 / 1.00000000 0.00000000 0.00000000 -1.00000000
				0.27000000 0.11000000 -0.67000000 / 0.00000000 -1.00000000 0.00000000 / 255 255 255 255 / 0.01000000 0.46800000 / 1.00000000 0.00000000 0.00000000 1.00000000
				0.53400000 0.11000000 -0.67000000 / 0.00000000 -1.00000000 0.00000000 / 255 255 255 255 / 0.21000000 0.46800000 / 1.00000000 0.00000000 0.00000000 1.00000000
				0.53400000 0.11000000 -0.64000000 / 0.00000000 -1.00000000 0.00000000 / 255 255 255 255 / 0.21000000 0.44900000 / 1.00000000 0.00000000 0.00000000 1.00000000
				0.27000000 0.11000000 -0.64000000 / 0.00000000 -1.00000000 0.00000000 / 255 255 255 255 / 0.01000000 0.44900000 / 1.00000000 0.00000000 0.00000000 1.00000000
				0.38000000 0.10800000 -0.72500000 / 0.00000000 -1.00000000 0.00000000 / 255 255 255 255 / 0.23046880 0.16015630 / 1.00000000 0.00000000 0.00000000 1.00000000
				0.42400000 0.10800000 -0.72500000 / 0.00000000 -1.00000000 0.00000000 / 255 255 255 255 / 0.24609380 0.16015630 / 1.00000000 0.00000000 0.00000000 1.00000000
				0.42400000 0.10800000 -0.67500000 / 0.00000000 -1.00000000 0.00000000 / 255 255 255 255 / 0.24609380 0.14062500 / 1.00000000 0.00000000 0.00000000 1.00000000
				0.38000000 0.10800000 -0.67500000 / 0.00000000 -1.00000000 0.00000000 / 255 255 255 255 / 0.23046880 0.14062500 / 1.00000000 0.00000000 0.00000000 1.00000000
				0.27000000 0.40500000 -0.84500000 / -1.00000000 0.00000000 0.00000000 / 255 255 255 255 / 0.21875000 0.13281250 / 1.00000000 0.00000000 0.00000000 -1.00000000
				0.27000000 0.11000000 -0.84500000 / -1.00000000 0.00000000 0.00000000 / 255 255 255 255 / 0.21875000 0.13281250 / 1.00000000 0.00000000 0.00000000 -1.00000000
				0.27000000 0.11000000 -0.64000000 / -1.00000000 0.00000000 0.00000000 / 255 255 255 255 / 0.21875000 0.13281250 / 1.00000000 0.00000000 0.00000000 -1.00000000
				0.27000000 0.40500000 -0.64000000 / -1.00000000 0.00000000 0.00000000 / 255 255 255 255 / 0.21875000 0.13281250 / 1.00000000 0.00000000 0.00000000 -1.00000000
				0.53400000 0.40500000 -0.84500000 / 1.00000000 0.00000000 0.00000000 / 255 255 255 255 / 0.21875000 0.13281250 / 1.00000000 0.00000000 0.00000000 -1.00000000
				0.53400000 0.40500000 -0.64000000 / 1.00000000 0.00000000 0.00000000 / 255 255 255 255 / 0.21875000 0.13281250 / 1.00000000 0.00000000 0.00000000 -1.00000000
				0.53400000 0.11000000 -0.64000000 / 1.00000000 0.00000000 0.00000000 / 255 255 255 255 / 0.21875000 0.13281250 / 1.00000000 0.00000000 0.00000000 -1.00000000
				0.53400000 0.11000000 -0.84500000 / 1.00000000 0.00000000 0.00000000 / 255 255 255 255 / 0.21875000 0.13281250 / 1.00000000 0.00000000 0.00000000 -1.00000000
				0.27000000 0.12200000 -0.64000000 / 0.00000000 0.00000000 1.00000000 / 255 255 255 255 / 0.21875000 0.13281250 / 1.00000000 0.00000000 0.00000000 -1.00000000
				0.27000000 0.11000000 -0.64000000 / 0.00000000 0.00000000 1.00000000 / 255 255 255 255 / 0.21875000 0.13281250 / 1.00000000 0.00000000 0.00000000 -1.00000000
				0.53400000 0.11000000 -0.64000000 / 0.00000000 0.00000000 1.00000000 / 255 255 255 255 / 0.21875000 0.13281250 / 1.00000000 0.00000000 0.00000000 -1.00000000
				0.53400000 0.12200000 -0.64000000 / 0.00000000 0.00000000 1.00000000 / 255 255 255 255 / 0.21875000 0.13281250 / 1.00000000 0.00000000 0.00000000 -1.00000000
				0.27000000 0.40500000 -0.64000000 / 0.00000000 0.00000000 1.00000000 / 255 255 255 255 / 0.21875000 0.13281250 / 1.00000000 0.00000000 0.00000000 -1.00000000
				0.27000000 0.39300000 -0.64000000 / 0.00000000 0.00000000 1.00000000 / 255 255 255 255 / 0.21875000 0.13281250 / 1.00000000 0.00000000 0.00000000 -1.00000000
				0.53400000 0.39300000 -0.64000000 / 0.00000000 0.00000000 1.00000000 / 255 255 255 255 / 0.21875000 0.13281250 / 1.00000000 0.00000000 0.00000000 -1.00000000
				0.53400000 0.40500000 -0.64000000 / 0.00000000 0.00000000 1.00000000 / 255 255 255 255 / 0.21875000 0.13281250 / 1.00000000 0.00000000 0.00000000 -1.00000000
				0.28200000 0.11000000 -0.64000000 / 0.00000000 0.00000000 1.00000000 / 255 255 255 255 / 0.21875000 0.13281250 / 1.00000000 0.00000000 0.00000000 -1.00000000
				0.28200000 0.40500000 -0.64000000 / 0.00000000 0.00000000 1.00000000 / 255 255 255 255 / 0.21875000 0.13281250 / 1.00000000 0.00000000 0.00000000 -1.00000000
				0.52200000 0.40500000 -0.64000000 / 0.00000000 0.00000000 1.00000000 / 255 255 255 255 / 0.21875000 0.13281250 / 1.00000000 0.00000000 0.00000000 -1.00000000
				0.52200000 0.11000000 -0.64000000 / 0.00000000 0.00000000 1.00000000 / 255 255 255 255 / 0.21875000 0.13281250 / 1.00000000 0.00000000 0.00000000 -1.00000000
				0.28200000 0.12200000 -0.83300000 / 0.00000000 1.00000000 0.00000000 / 255 255 255 255 / 0.11328120 0.85546880 / 1.00000000 0.00000000 0.00000000 -1.00000000
				0.28200000 0.12200000 -0.64000000 / 0.00000000 1.00000000 0.00000000 / 255 255 255 255 / 0.11328120 0.85546880 / 1.00000000 0.00000000 0.00000000 -1.00000000
				0.52200000 0.12200000 -0.64000000 / 0.00000000 1.00000000 0.00000000 / 255 255 255 255 / 0.11328120 0.85546880 / 1.00000000 0.00000000 0.00000000 -1.00000000
				0.52200000 0.12200000 -0.83300000 / 0.00000000 1.00000000 0.00000000 / 255 255 255 255 / 0.11328120 0.85546880 / 1.00000000 0.00000000 0.00000000 -1.00000000
				0.28200000 0.39300000 -0.83300000 / 0.00000000 -1.00000000 0.00000000 / 255 255 255 255 / 0.11328120 0.85546880 / 1.00000000 0.00000000 0.00000000 -1.00000000
				0.52200000 0.39300000 -0.83300000 / 0.00000000 -1.00000000 0.00000000 / 255 255 255 255 / 0.11328120 0.85546880 / 1.00000000 0.00000000 0.00000000 -1.00000000
				0.52200000 0.39300000 -0.64000000 / 0.00000000 -1.00000000 0.00000000 / 255 255 255 255 / 0.11328120 0.85546880 / 1.00000000 0.00000000 0.00000000 -1.00000000
				0.28200000 0.39300000 -0.64000000 / 0.00000000 -1.00000000 0.00000000 / 255 255 255 255 / 0.11328120 0.85546880 / 1.00000000 0.00000000 0.00000000 -1.00000000
				0.28200000 0.39300000 -0.83300000 / 1.00000000 0.00000000 0.00000000 / 255 255 255 255 / 0.11328120 0.85546880 / 1.00000000 0.00000000 0.00000000 -1.00000000
				0.28200000 0.39300000 -0.64000000 / 1.00000000 0.00000000 0.00000000 / 255 255 255 255 / 0.11328120 0.85546880 / 1.00000000 0.00000000 0.00000000 -1.00000000
				0.28200000 0.12200000 -0.64000000 / 1.00000000 0.00000000 0.00000000 / 255 255 255 255 / 0.11328120 0.85546880 / 1.00000000 0.00000000 0.00000000 -1.00000000
				0.28200000 0.12200000 -0.83300000 / 1.00000000 0.00000000 0.00000000 / 255 255 255 255 / 0.11328120 0.85546880 / 1.00000000 0.00000000 0.00000000 -1.00000000
				0.52200000 0.39300000 -0.83300000 / -1.00000000 0.00000000 0.00000000 / 255 255 255 255 / 0.11328120 0.85546880 / 1.00000000 0.00000000 0.00000000 -1.00000000
				0.52200000 0.12200000 -0.83300000 / -1.00000000 0.00000000 0.00000000 / 255 255 255 255 / 0.11328120 0.85546880 / 1.00000000 0.00000000 0.00000000 -1.00000000
				0.52200000 0.12200000 -0.64000000 / -1.00000000 0.00000000 0.00000000 / 255 255 255 255 / 0.11328120 0.85546880 / 1.00000000 0.00000000 0.00000000 -1.00000000
				0.52200000 0.39300000 -0.64000000 / -1.00000000 0.00000000 0.00000000 / 255 255 255 255 / 0.11328120 0.85546880 / 1.00000000 0.00000000 0.00000000 -1.00000000
				0.28200000 0.39300000 -0.83300000 / 0.00000000 0.00000000 1.00000000 / 255 255 255 255 / 0.11328120 0.85546880 / 1.00000000 0.00000000 0.00000000 -1.00000000
				0.28200000 0.12200000 -0.83300000 / 0.00000000 0.00000000 1.00000000 / 255 255 255 255 / 0.11328120 0.85546880 / 1.00000000 0.00000000 0.00000000 -1.00000000
				0.52200000 0.12200000 -0.83300000 / 0.00000000 0.00000000 1.00000000 / 255 255 255 255 / 0.11328120 0.85546880 / 1.00000000 0.00000000 0.00000000 -1.00000000
				0.52200000 0.39300000 -0.83300000 / 0.00000000 0.00000000 1.00000000 / 255 255 255 255 / 0.11328120 0.85546880 / 1.00000000 0.00000000 0.00000000 -1.00000000
			}
		}
	}
}
